/*
Navicat MySQL Data Transfer

Source Server         : MySQL
Source Server Version : 50616
Source Host           : localhost:3306
Source Database       : sms

Target Server Type    : MYSQL
Target Server Version : 50616
File Encoding         : 65001

Date: 2015-06-02 13:08:35
*/

SET FOREIGN_KEY_CHECKS=0;

-- ----------------------------
-- Table structure for attendance
-- ----------------------------
DROP TABLE IF EXISTS `attendance`;
CREATE TABLE `attendance` (
  `id` int(11) NOT NULL AUTO_INCREMENT,
  `student_course_enrollment_id` int(11) DEFAULT NULL,
  `comment` varchar(255) DEFAULT NULL,
  `status` tinyint(1) DEFAULT NULL COMMENT '1=PRESENT,2=ABSENT, 3=ON_LEAVE, 4=SICK, 5=OTHERS',
  `taken_by` int(11) DEFAULT NULL,
  PRIMARY KEY (`id`),
  KEY `student_course_enrollment_id` (`student_course_enrollment_id`),
  KEY `taken_by` (`taken_by`),
  CONSTRAINT `attendance_ibfk_1` FOREIGN KEY (`student_course_enrollment_id`) REFERENCES `student_course_enrollment` (`id`) ON DELETE CASCADE ON UPDATE CASCADE,
  CONSTRAINT `attendance_ibfk_2` FOREIGN KEY (`taken_by`) REFERENCES `attendance_by` (`id`) ON DELETE CASCADE ON UPDATE CASCADE
) ENGINE=InnoDB AUTO_INCREMENT=3900 DEFAULT CHARSET=latin1;

-- ----------------------------
-- Records of attendance
-- ----------------------------
INSERT INTO `attendance` VALUES ('1000', '1', null, '1', '1000');
INSERT INTO `attendance` VALUES ('1001', '4', 'Absent', '2', '1000');
INSERT INTO `attendance` VALUES ('1002', '7', null, '1', '1000');
INSERT INTO `attendance` VALUES ('1003', '10', null, '1', '1000');
INSERT INTO `attendance` VALUES ('1004', '13', null, '1', '1000');
INSERT INTO `attendance` VALUES ('1005', '16', null, '1', '1000');
INSERT INTO `attendance` VALUES ('1006', '19', null, '1', '1000');
INSERT INTO `attendance` VALUES ('1007', '22', null, '1', '1000');
INSERT INTO `attendance` VALUES ('1008', '25', 'Absent', '2', '1000');
INSERT INTO `attendance` VALUES ('1009', '28', null, '1', '1000');
INSERT INTO `attendance` VALUES ('1010', '31', null, '1', '1000');
INSERT INTO `attendance` VALUES ('1011', '34', null, '1', '1000');
INSERT INTO `attendance` VALUES ('1012', '37', null, '1', '1000');
INSERT INTO `attendance` VALUES ('1013', '40', 'Absent', '2', '1000');
INSERT INTO `attendance` VALUES ('1014', '43', 'Absent', '2', '1000');
INSERT INTO `attendance` VALUES ('1015', '46', 'Absent', '2', '1000');
INSERT INTO `attendance` VALUES ('1016', '49', null, '1', '1000');
INSERT INTO `attendance` VALUES ('1017', '52', null, '1', '1000');
INSERT INTO `attendance` VALUES ('1018', '55', null, '1', '1000');
INSERT INTO `attendance` VALUES ('1019', '58', 'Absent', '2', '1000');
INSERT INTO `attendance` VALUES ('1020', '1', null, '1', '1021');
INSERT INTO `attendance` VALUES ('1021', '4', 'Absent', '2', '1021');
INSERT INTO `attendance` VALUES ('1022', '7', null, '1', '1021');
INSERT INTO `attendance` VALUES ('1023', '10', null, '1', '1021');
INSERT INTO `attendance` VALUES ('1024', '13', null, '1', '1021');
INSERT INTO `attendance` VALUES ('1025', '16', null, '1', '1021');
INSERT INTO `attendance` VALUES ('1026', '19', null, '1', '1021');
INSERT INTO `attendance` VALUES ('1027', '22', null, '1', '1021');
INSERT INTO `attendance` VALUES ('1028', '25', null, '1', '1021');
INSERT INTO `attendance` VALUES ('1029', '28', null, '1', '1021');
INSERT INTO `attendance` VALUES ('1030', '31', null, '1', '1021');
INSERT INTO `attendance` VALUES ('1031', '34', null, '1', '1021');
INSERT INTO `attendance` VALUES ('1032', '37', 'Absent', '2', '1021');
INSERT INTO `attendance` VALUES ('1033', '40', 'Absent', '2', '1021');
INSERT INTO `attendance` VALUES ('1034', '43', 'Absent', '2', '1021');
INSERT INTO `attendance` VALUES ('1035', '46', null, '1', '1021');
INSERT INTO `attendance` VALUES ('1036', '49', null, '1', '1021');
INSERT INTO `attendance` VALUES ('1037', '52', 'Absent', '2', '1021');
INSERT INTO `attendance` VALUES ('1038', '55', null, '1', '1021');
INSERT INTO `attendance` VALUES ('1039', '58', 'Absent', '2', '1021');
INSERT INTO `attendance` VALUES ('1040', '1', null, '1', '1042');
INSERT INTO `attendance` VALUES ('1041', '4', null, '1', '1042');
INSERT INTO `attendance` VALUES ('1042', '7', null, '1', '1042');
INSERT INTO `attendance` VALUES ('1043', '10', null, '1', '1042');
INSERT INTO `attendance` VALUES ('1044', '13', null, '1', '1042');
INSERT INTO `attendance` VALUES ('1045', '16', 'Absent', '2', '1042');
INSERT INTO `attendance` VALUES ('1046', '19', 'Absent', '2', '1042');
INSERT INTO `attendance` VALUES ('1047', '22', null, '1', '1042');
INSERT INTO `attendance` VALUES ('1048', '25', null, '1', '1042');
INSERT INTO `attendance` VALUES ('1049', '28', null, '1', '1042');
INSERT INTO `attendance` VALUES ('1050', '31', null, '1', '1042');
INSERT INTO `attendance` VALUES ('1051', '34', null, '1', '1042');
INSERT INTO `attendance` VALUES ('1052', '37', null, '1', '1042');
INSERT INTO `attendance` VALUES ('1053', '40', null, '1', '1042');
INSERT INTO `attendance` VALUES ('1054', '43', null, '1', '1042');
INSERT INTO `attendance` VALUES ('1055', '46', 'Absent', '2', '1042');
INSERT INTO `attendance` VALUES ('1056', '49', null, '1', '1042');
INSERT INTO `attendance` VALUES ('1057', '52', 'Absent', '2', '1042');
INSERT INTO `attendance` VALUES ('1058', '55', null, '1', '1042');
INSERT INTO `attendance` VALUES ('1059', '58', null, '1', '1042');
INSERT INTO `attendance` VALUES ('1060', '1', 'Absent', '2', '1063');
INSERT INTO `attendance` VALUES ('1061', '4', null, '1', '1063');
INSERT INTO `attendance` VALUES ('1062', '7', null, '1', '1063');
INSERT INTO `attendance` VALUES ('1063', '10', 'Absent', '2', '1063');
INSERT INTO `attendance` VALUES ('1064', '13', null, '1', '1063');
INSERT INTO `attendance` VALUES ('1065', '16', null, '1', '1063');
INSERT INTO `attendance` VALUES ('1066', '19', null, '1', '1063');
INSERT INTO `attendance` VALUES ('1067', '22', null, '1', '1063');
INSERT INTO `attendance` VALUES ('1068', '25', null, '1', '1063');
INSERT INTO `attendance` VALUES ('1069', '28', null, '1', '1063');
INSERT INTO `attendance` VALUES ('1070', '31', 'Absent', '2', '1063');
INSERT INTO `attendance` VALUES ('1071', '34', 'Absent', '2', '1063');
INSERT INTO `attendance` VALUES ('1072', '37', null, '1', '1063');
INSERT INTO `attendance` VALUES ('1073', '40', null, '1', '1063');
INSERT INTO `attendance` VALUES ('1074', '43', 'Absent', '2', '1063');
INSERT INTO `attendance` VALUES ('1075', '46', null, '1', '1063');
INSERT INTO `attendance` VALUES ('1076', '49', null, '1', '1063');
INSERT INTO `attendance` VALUES ('1077', '52', null, '1', '1063');
INSERT INTO `attendance` VALUES ('1078', '55', 'Absent', '2', '1063');
INSERT INTO `attendance` VALUES ('1079', '58', null, '1', '1063');
INSERT INTO `attendance` VALUES ('1080', '1', null, '1', '1084');
INSERT INTO `attendance` VALUES ('1081', '4', null, '1', '1084');
INSERT INTO `attendance` VALUES ('1082', '7', null, '1', '1084');
INSERT INTO `attendance` VALUES ('1083', '10', null, '1', '1084');
INSERT INTO `attendance` VALUES ('1084', '13', null, '1', '1084');
INSERT INTO `attendance` VALUES ('1085', '16', null, '1', '1084');
INSERT INTO `attendance` VALUES ('1086', '19', 'Absent', '2', '1084');
INSERT INTO `attendance` VALUES ('1087', '22', null, '1', '1084');
INSERT INTO `attendance` VALUES ('1088', '25', null, '1', '1084');
INSERT INTO `attendance` VALUES ('1089', '28', null, '1', '1084');
INSERT INTO `attendance` VALUES ('1090', '31', null, '1', '1084');
INSERT INTO `attendance` VALUES ('1091', '34', null, '1', '1084');
INSERT INTO `attendance` VALUES ('1092', '37', null, '1', '1084');
INSERT INTO `attendance` VALUES ('1093', '40', 'Absent', '2', '1084');
INSERT INTO `attendance` VALUES ('1094', '43', null, '1', '1084');
INSERT INTO `attendance` VALUES ('1095', '46', null, '1', '1084');
INSERT INTO `attendance` VALUES ('1096', '49', null, '1', '1084');
INSERT INTO `attendance` VALUES ('1097', '52', null, '1', '1084');
INSERT INTO `attendance` VALUES ('1098', '55', null, '1', '1084');
INSERT INTO `attendance` VALUES ('1099', '58', null, '1', '1084');
INSERT INTO `attendance` VALUES ('1100', '1', null, '1', '1105');
INSERT INTO `attendance` VALUES ('1101', '4', null, '1', '1105');
INSERT INTO `attendance` VALUES ('1102', '7', null, '1', '1105');
INSERT INTO `attendance` VALUES ('1103', '10', 'Absent', '2', '1105');
INSERT INTO `attendance` VALUES ('1104', '13', 'Absent', '2', '1105');
INSERT INTO `attendance` VALUES ('1105', '16', null, '1', '1105');
INSERT INTO `attendance` VALUES ('1106', '19', null, '1', '1105');
INSERT INTO `attendance` VALUES ('1107', '22', 'Absent', '2', '1105');
INSERT INTO `attendance` VALUES ('1108', '25', null, '1', '1105');
INSERT INTO `attendance` VALUES ('1109', '28', 'Absent', '2', '1105');
INSERT INTO `attendance` VALUES ('1110', '31', null, '1', '1105');
INSERT INTO `attendance` VALUES ('1111', '34', null, '1', '1105');
INSERT INTO `attendance` VALUES ('1112', '37', 'Absent', '2', '1105');
INSERT INTO `attendance` VALUES ('1113', '40', null, '1', '1105');
INSERT INTO `attendance` VALUES ('1114', '43', null, '1', '1105');
INSERT INTO `attendance` VALUES ('1115', '46', null, '1', '1105');
INSERT INTO `attendance` VALUES ('1116', '49', null, '1', '1105');
INSERT INTO `attendance` VALUES ('1117', '52', null, '1', '1105');
INSERT INTO `attendance` VALUES ('1118', '55', 'Absent', '2', '1105');
INSERT INTO `attendance` VALUES ('1119', '58', null, '1', '1105');
INSERT INTO `attendance` VALUES ('1120', '1', 'Absent', '2', '1126');
INSERT INTO `attendance` VALUES ('1121', '4', null, '1', '1126');
INSERT INTO `attendance` VALUES ('1122', '7', 'Absent', '2', '1126');
INSERT INTO `attendance` VALUES ('1123', '10', null, '1', '1126');
INSERT INTO `attendance` VALUES ('1124', '13', null, '1', '1126');
INSERT INTO `attendance` VALUES ('1125', '16', null, '1', '1126');
INSERT INTO `attendance` VALUES ('1126', '19', 'Absent', '2', '1126');
INSERT INTO `attendance` VALUES ('1127', '22', null, '1', '1126');
INSERT INTO `attendance` VALUES ('1128', '25', 'Absent', '2', '1126');
INSERT INTO `attendance` VALUES ('1129', '28', null, '1', '1126');
INSERT INTO `attendance` VALUES ('1130', '31', null, '1', '1126');
INSERT INTO `attendance` VALUES ('1131', '34', 'Absent', '2', '1126');
INSERT INTO `attendance` VALUES ('1132', '37', 'Absent', '2', '1126');
INSERT INTO `attendance` VALUES ('1133', '40', 'Absent', '2', '1126');
INSERT INTO `attendance` VALUES ('1134', '43', null, '1', '1126');
INSERT INTO `attendance` VALUES ('1135', '46', null, '1', '1126');
INSERT INTO `attendance` VALUES ('1136', '49', null, '1', '1126');
INSERT INTO `attendance` VALUES ('1137', '52', null, '1', '1126');
INSERT INTO `attendance` VALUES ('1138', '55', null, '1', '1126');
INSERT INTO `attendance` VALUES ('1139', '58', 'Absent', '2', '1126');
INSERT INTO `attendance` VALUES ('1140', '1', null, '1', '1147');
INSERT INTO `attendance` VALUES ('1141', '4', 'Absent', '2', '1147');
INSERT INTO `attendance` VALUES ('1142', '7', null, '1', '1147');
INSERT INTO `attendance` VALUES ('1143', '10', 'Absent', '2', '1147');
INSERT INTO `attendance` VALUES ('1144', '13', null, '1', '1147');
INSERT INTO `attendance` VALUES ('1145', '16', null, '1', '1147');
INSERT INTO `attendance` VALUES ('1146', '19', null, '1', '1147');
INSERT INTO `attendance` VALUES ('1147', '22', 'Absent', '2', '1147');
INSERT INTO `attendance` VALUES ('1148', '25', null, '1', '1147');
INSERT INTO `attendance` VALUES ('1149', '28', 'Absent', '2', '1147');
INSERT INTO `attendance` VALUES ('1150', '31', null, '1', '1147');
INSERT INTO `attendance` VALUES ('1151', '34', 'Absent', '2', '1147');
INSERT INTO `attendance` VALUES ('1152', '37', null, '1', '1147');
INSERT INTO `attendance` VALUES ('1153', '40', null, '1', '1147');
INSERT INTO `attendance` VALUES ('1154', '43', null, '1', '1147');
INSERT INTO `attendance` VALUES ('1155', '46', null, '1', '1147');
INSERT INTO `attendance` VALUES ('1156', '49', 'Absent', '2', '1147');
INSERT INTO `attendance` VALUES ('1157', '52', null, '1', '1147');
INSERT INTO `attendance` VALUES ('1158', '55', null, '1', '1147');
INSERT INTO `attendance` VALUES ('1159', '58', null, '1', '1147');
INSERT INTO `attendance` VALUES ('1160', '1', null, '1', '1168');
INSERT INTO `attendance` VALUES ('1161', '4', null, '1', '1168');
INSERT INTO `attendance` VALUES ('1162', '7', null, '1', '1168');
INSERT INTO `attendance` VALUES ('1163', '10', 'Absent', '2', '1168');
INSERT INTO `attendance` VALUES ('1164', '13', null, '1', '1168');
INSERT INTO `attendance` VALUES ('1165', '16', null, '1', '1168');
INSERT INTO `attendance` VALUES ('1166', '19', null, '1', '1168');
INSERT INTO `attendance` VALUES ('1167', '22', null, '1', '1168');
INSERT INTO `attendance` VALUES ('1168', '25', null, '1', '1168');
INSERT INTO `attendance` VALUES ('1169', '28', 'Absent', '2', '1168');
INSERT INTO `attendance` VALUES ('1170', '31', null, '1', '1168');
INSERT INTO `attendance` VALUES ('1171', '34', null, '1', '1168');
INSERT INTO `attendance` VALUES ('1172', '37', 'Absent', '2', '1168');
INSERT INTO `attendance` VALUES ('1173', '40', 'Absent', '2', '1168');
INSERT INTO `attendance` VALUES ('1174', '43', null, '1', '1168');
INSERT INTO `attendance` VALUES ('1175', '46', null, '1', '1168');
INSERT INTO `attendance` VALUES ('1176', '49', 'Absent', '2', '1168');
INSERT INTO `attendance` VALUES ('1177', '52', null, '1', '1168');
INSERT INTO `attendance` VALUES ('1178', '55', null, '1', '1168');
INSERT INTO `attendance` VALUES ('1179', '58', null, '1', '1168');
INSERT INTO `attendance` VALUES ('1180', '1', null, '1', '1189');
INSERT INTO `attendance` VALUES ('1181', '4', null, '1', '1189');
INSERT INTO `attendance` VALUES ('1182', '7', 'Absent', '2', '1189');
INSERT INTO `attendance` VALUES ('1183', '10', null, '1', '1189');
INSERT INTO `attendance` VALUES ('1184', '13', null, '1', '1189');
INSERT INTO `attendance` VALUES ('1185', '16', null, '1', '1189');
INSERT INTO `attendance` VALUES ('1186', '19', 'Absent', '2', '1189');
INSERT INTO `attendance` VALUES ('1187', '22', 'Absent', '2', '1189');
INSERT INTO `attendance` VALUES ('1188', '25', null, '1', '1189');
INSERT INTO `attendance` VALUES ('1189', '28', null, '1', '1189');
INSERT INTO `attendance` VALUES ('1190', '31', 'Absent', '2', '1189');
INSERT INTO `attendance` VALUES ('1191', '34', 'Absent', '2', '1189');
INSERT INTO `attendance` VALUES ('1192', '37', null, '1', '1189');
INSERT INTO `attendance` VALUES ('1193', '40', 'Absent', '2', '1189');
INSERT INTO `attendance` VALUES ('1194', '43', null, '1', '1189');
INSERT INTO `attendance` VALUES ('1195', '46', null, '1', '1189');
INSERT INTO `attendance` VALUES ('1196', '49', null, '1', '1189');
INSERT INTO `attendance` VALUES ('1197', '52', null, '1', '1189');
INSERT INTO `attendance` VALUES ('1198', '55', null, '1', '1189');
INSERT INTO `attendance` VALUES ('1199', '58', 'Absent', '2', '1189');
INSERT INTO `attendance` VALUES ('1200', '1', null, '1', '1210');
INSERT INTO `attendance` VALUES ('1201', '4', 'Absent', '2', '1210');
INSERT INTO `attendance` VALUES ('1202', '7', null, '1', '1210');
INSERT INTO `attendance` VALUES ('1203', '10', null, '1', '1210');
INSERT INTO `attendance` VALUES ('1204', '13', null, '1', '1210');
INSERT INTO `attendance` VALUES ('1205', '16', null, '1', '1210');
INSERT INTO `attendance` VALUES ('1206', '19', null, '1', '1210');
INSERT INTO `attendance` VALUES ('1207', '22', null, '1', '1210');
INSERT INTO `attendance` VALUES ('1208', '25', null, '1', '1210');
INSERT INTO `attendance` VALUES ('1209', '28', null, '1', '1210');
INSERT INTO `attendance` VALUES ('1210', '31', null, '1', '1210');
INSERT INTO `attendance` VALUES ('1211', '34', null, '1', '1210');
INSERT INTO `attendance` VALUES ('1212', '37', null, '1', '1210');
INSERT INTO `attendance` VALUES ('1213', '40', 'Absent', '2', '1210');
INSERT INTO `attendance` VALUES ('1214', '43', 'Absent', '2', '1210');
INSERT INTO `attendance` VALUES ('1215', '46', 'Absent', '2', '1210');
INSERT INTO `attendance` VALUES ('1216', '49', null, '1', '1210');
INSERT INTO `attendance` VALUES ('1217', '52', null, '1', '1210');
INSERT INTO `attendance` VALUES ('1218', '55', null, '1', '1210');
INSERT INTO `attendance` VALUES ('1219', '58', null, '1', '1210');
INSERT INTO `attendance` VALUES ('1220', '1', null, '1', '1231');
INSERT INTO `attendance` VALUES ('1221', '4', null, '1', '1231');
INSERT INTO `attendance` VALUES ('1222', '7', null, '1', '1231');
INSERT INTO `attendance` VALUES ('1223', '10', 'Absent', '2', '1231');
INSERT INTO `attendance` VALUES ('1224', '13', null, '1', '1231');
INSERT INTO `attendance` VALUES ('1225', '16', 'Absent', '2', '1231');
INSERT INTO `attendance` VALUES ('1226', '19', 'Absent', '2', '1231');
INSERT INTO `attendance` VALUES ('1227', '22', null, '1', '1231');
INSERT INTO `attendance` VALUES ('1228', '25', 'Absent', '2', '1231');
INSERT INTO `attendance` VALUES ('1229', '28', null, '1', '1231');
INSERT INTO `attendance` VALUES ('1230', '31', 'Absent', '2', '1231');
INSERT INTO `attendance` VALUES ('1231', '34', null, '1', '1231');
INSERT INTO `attendance` VALUES ('1232', '37', 'Absent', '2', '1231');
INSERT INTO `attendance` VALUES ('1233', '40', null, '1', '1231');
INSERT INTO `attendance` VALUES ('1234', '43', null, '1', '1231');
INSERT INTO `attendance` VALUES ('1235', '46', null, '1', '1231');
INSERT INTO `attendance` VALUES ('1236', '49', 'Absent', '2', '1231');
INSERT INTO `attendance` VALUES ('1237', '52', null, '1', '1231');
INSERT INTO `attendance` VALUES ('1238', '55', 'Absent', '2', '1231');
INSERT INTO `attendance` VALUES ('1239', '58', null, '1', '1231');
INSERT INTO `attendance` VALUES ('1240', '1', 'Absent', '2', '1252');
INSERT INTO `attendance` VALUES ('1241', '4', 'Absent', '2', '1252');
INSERT INTO `attendance` VALUES ('1242', '7', null, '1', '1252');
INSERT INTO `attendance` VALUES ('1243', '10', null, '1', '1252');
INSERT INTO `attendance` VALUES ('1244', '13', null, '1', '1252');
INSERT INTO `attendance` VALUES ('1245', '16', 'Absent', '2', '1252');
INSERT INTO `attendance` VALUES ('1246', '19', 'Absent', '2', '1252');
INSERT INTO `attendance` VALUES ('1247', '22', null, '1', '1252');
INSERT INTO `attendance` VALUES ('1248', '25', null, '1', '1252');
INSERT INTO `attendance` VALUES ('1249', '28', null, '1', '1252');
INSERT INTO `attendance` VALUES ('1250', '31', null, '1', '1252');
INSERT INTO `attendance` VALUES ('1251', '34', null, '1', '1252');
INSERT INTO `attendance` VALUES ('1252', '37', null, '1', '1252');
INSERT INTO `attendance` VALUES ('1253', '40', null, '1', '1252');
INSERT INTO `attendance` VALUES ('1254', '43', null, '1', '1252');
INSERT INTO `attendance` VALUES ('1255', '46', null, '1', '1252');
INSERT INTO `attendance` VALUES ('1256', '49', null, '1', '1252');
INSERT INTO `attendance` VALUES ('1257', '52', 'Absent', '2', '1252');
INSERT INTO `attendance` VALUES ('1258', '55', null, '1', '1252');
INSERT INTO `attendance` VALUES ('1259', '58', null, '1', '1252');
INSERT INTO `attendance` VALUES ('1260', '1', null, '1', '1273');
INSERT INTO `attendance` VALUES ('1261', '4', null, '1', '1273');
INSERT INTO `attendance` VALUES ('1262', '7', 'Absent', '2', '1273');
INSERT INTO `attendance` VALUES ('1263', '10', null, '1', '1273');
INSERT INTO `attendance` VALUES ('1264', '13', null, '1', '1273');
INSERT INTO `attendance` VALUES ('1265', '16', null, '1', '1273');
INSERT INTO `attendance` VALUES ('1266', '19', null, '1', '1273');
INSERT INTO `attendance` VALUES ('1267', '22', null, '1', '1273');
INSERT INTO `attendance` VALUES ('1268', '25', 'Absent', '2', '1273');
INSERT INTO `attendance` VALUES ('1269', '28', null, '1', '1273');
INSERT INTO `attendance` VALUES ('1270', '31', 'Absent', '2', '1273');
INSERT INTO `attendance` VALUES ('1271', '34', null, '1', '1273');
INSERT INTO `attendance` VALUES ('1272', '37', null, '1', '1273');
INSERT INTO `attendance` VALUES ('1273', '40', 'Absent', '2', '1273');
INSERT INTO `attendance` VALUES ('1274', '43', null, '1', '1273');
INSERT INTO `attendance` VALUES ('1275', '46', null, '1', '1273');
INSERT INTO `attendance` VALUES ('1276', '49', 'Absent', '2', '1273');
INSERT INTO `attendance` VALUES ('1277', '52', null, '1', '1273');
INSERT INTO `attendance` VALUES ('1278', '55', null, '1', '1273');
INSERT INTO `attendance` VALUES ('1279', '58', null, '1', '1273');
INSERT INTO `attendance` VALUES ('1280', '1', null, '1', '1294');
INSERT INTO `attendance` VALUES ('1281', '4', null, '1', '1294');
INSERT INTO `attendance` VALUES ('1282', '7', null, '1', '1294');
INSERT INTO `attendance` VALUES ('1283', '10', null, '1', '1294');
INSERT INTO `attendance` VALUES ('1284', '13', null, '1', '1294');
INSERT INTO `attendance` VALUES ('1285', '16', 'Absent', '2', '1294');
INSERT INTO `attendance` VALUES ('1286', '19', null, '1', '1294');
INSERT INTO `attendance` VALUES ('1287', '22', 'Absent', '2', '1294');
INSERT INTO `attendance` VALUES ('1288', '25', null, '1', '1294');
INSERT INTO `attendance` VALUES ('1289', '28', null, '1', '1294');
INSERT INTO `attendance` VALUES ('1290', '31', null, '1', '1294');
INSERT INTO `attendance` VALUES ('1291', '34', null, '1', '1294');
INSERT INTO `attendance` VALUES ('1292', '37', null, '1', '1294');
INSERT INTO `attendance` VALUES ('1293', '40', null, '1', '1294');
INSERT INTO `attendance` VALUES ('1294', '43', null, '1', '1294');
INSERT INTO `attendance` VALUES ('1295', '46', null, '1', '1294');
INSERT INTO `attendance` VALUES ('1296', '49', null, '1', '1294');
INSERT INTO `attendance` VALUES ('1297', '52', 'Absent', '2', '1294');
INSERT INTO `attendance` VALUES ('1298', '55', null, '1', '1294');
INSERT INTO `attendance` VALUES ('1299', '58', null, '1', '1294');
INSERT INTO `attendance` VALUES ('1300', '1', null, '1', '1315');
INSERT INTO `attendance` VALUES ('1301', '4', 'Absent', '2', '1315');
INSERT INTO `attendance` VALUES ('1302', '7', null, '1', '1315');
INSERT INTO `attendance` VALUES ('1303', '10', 'Absent', '2', '1315');
INSERT INTO `attendance` VALUES ('1304', '13', null, '1', '1315');
INSERT INTO `attendance` VALUES ('1305', '16', null, '1', '1315');
INSERT INTO `attendance` VALUES ('1306', '19', null, '1', '1315');
INSERT INTO `attendance` VALUES ('1307', '22', null, '1', '1315');
INSERT INTO `attendance` VALUES ('1308', '25', null, '1', '1315');
INSERT INTO `attendance` VALUES ('1309', '28', null, '1', '1315');
INSERT INTO `attendance` VALUES ('1310', '31', null, '1', '1315');
INSERT INTO `attendance` VALUES ('1311', '34', null, '1', '1315');
INSERT INTO `attendance` VALUES ('1312', '37', null, '1', '1315');
INSERT INTO `attendance` VALUES ('1313', '40', null, '1', '1315');
INSERT INTO `attendance` VALUES ('1314', '43', 'Absent', '2', '1315');
INSERT INTO `attendance` VALUES ('1315', '46', null, '1', '1315');
INSERT INTO `attendance` VALUES ('1316', '49', 'Absent', '2', '1315');
INSERT INTO `attendance` VALUES ('1317', '52', 'Absent', '2', '1315');
INSERT INTO `attendance` VALUES ('1318', '55', null, '1', '1315');
INSERT INTO `attendance` VALUES ('1319', '58', 'Absent', '2', '1315');
INSERT INTO `attendance` VALUES ('1320', '1', null, '1', '1336');
INSERT INTO `attendance` VALUES ('1321', '4', 'Absent', '2', '1336');
INSERT INTO `attendance` VALUES ('1322', '7', 'Absent', '2', '1336');
INSERT INTO `attendance` VALUES ('1323', '10', null, '1', '1336');
INSERT INTO `attendance` VALUES ('1324', '13', 'Absent', '2', '1336');
INSERT INTO `attendance` VALUES ('1325', '16', 'Absent', '2', '1336');
INSERT INTO `attendance` VALUES ('1326', '19', null, '1', '1336');
INSERT INTO `attendance` VALUES ('1327', '22', 'Absent', '2', '1336');
INSERT INTO `attendance` VALUES ('1328', '25', 'Absent', '2', '1336');
INSERT INTO `attendance` VALUES ('1329', '28', 'Absent', '2', '1336');
INSERT INTO `attendance` VALUES ('1330', '31', null, '1', '1336');
INSERT INTO `attendance` VALUES ('1331', '34', 'Absent', '2', '1336');
INSERT INTO `attendance` VALUES ('1332', '37', null, '1', '1336');
INSERT INTO `attendance` VALUES ('1333', '40', null, '1', '1336');
INSERT INTO `attendance` VALUES ('1334', '43', 'Absent', '2', '1336');
INSERT INTO `attendance` VALUES ('1335', '46', null, '1', '1336');
INSERT INTO `attendance` VALUES ('1336', '49', null, '1', '1336');
INSERT INTO `attendance` VALUES ('1337', '52', null, '1', '1336');
INSERT INTO `attendance` VALUES ('1338', '55', null, '1', '1336');
INSERT INTO `attendance` VALUES ('1339', '58', null, '1', '1336');
INSERT INTO `attendance` VALUES ('1340', '1', null, '1', '1357');
INSERT INTO `attendance` VALUES ('1341', '4', null, '1', '1357');
INSERT INTO `attendance` VALUES ('1342', '7', 'Absent', '2', '1357');
INSERT INTO `attendance` VALUES ('1343', '10', 'Absent', '2', '1357');
INSERT INTO `attendance` VALUES ('1344', '13', 'Absent', '2', '1357');
INSERT INTO `attendance` VALUES ('1345', '16', null, '1', '1357');
INSERT INTO `attendance` VALUES ('1346', '19', null, '1', '1357');
INSERT INTO `attendance` VALUES ('1347', '22', null, '1', '1357');
INSERT INTO `attendance` VALUES ('1348', '25', null, '1', '1357');
INSERT INTO `attendance` VALUES ('1349', '28', 'Absent', '2', '1357');
INSERT INTO `attendance` VALUES ('1350', '31', null, '1', '1357');
INSERT INTO `attendance` VALUES ('1351', '34', null, '1', '1357');
INSERT INTO `attendance` VALUES ('1352', '37', null, '1', '1357');
INSERT INTO `attendance` VALUES ('1353', '40', 'Absent', '2', '1357');
INSERT INTO `attendance` VALUES ('1354', '43', 'Absent', '2', '1357');
INSERT INTO `attendance` VALUES ('1355', '46', null, '1', '1357');
INSERT INTO `attendance` VALUES ('1356', '49', null, '1', '1357');
INSERT INTO `attendance` VALUES ('1357', '52', 'Absent', '2', '1357');
INSERT INTO `attendance` VALUES ('1358', '55', null, '1', '1357');
INSERT INTO `attendance` VALUES ('1359', '58', null, '1', '1357');
INSERT INTO `attendance` VALUES ('1360', '1', null, '1', '1378');
INSERT INTO `attendance` VALUES ('1361', '4', null, '1', '1378');
INSERT INTO `attendance` VALUES ('1362', '7', null, '1', '1378');
INSERT INTO `attendance` VALUES ('1363', '10', null, '1', '1378');
INSERT INTO `attendance` VALUES ('1364', '13', null, '1', '1378');
INSERT INTO `attendance` VALUES ('1365', '16', null, '1', '1378');
INSERT INTO `attendance` VALUES ('1366', '19', null, '1', '1378');
INSERT INTO `attendance` VALUES ('1367', '22', 'Absent', '2', '1378');
INSERT INTO `attendance` VALUES ('1368', '25', 'Absent', '2', '1378');
INSERT INTO `attendance` VALUES ('1369', '28', null, '1', '1378');
INSERT INTO `attendance` VALUES ('1370', '31', 'Absent', '2', '1378');
INSERT INTO `attendance` VALUES ('1371', '34', null, '1', '1378');
INSERT INTO `attendance` VALUES ('1372', '37', 'Absent', '2', '1378');
INSERT INTO `attendance` VALUES ('1373', '40', null, '1', '1378');
INSERT INTO `attendance` VALUES ('1374', '43', 'Absent', '2', '1378');
INSERT INTO `attendance` VALUES ('1375', '46', null, '1', '1378');
INSERT INTO `attendance` VALUES ('1376', '49', null, '1', '1378');
INSERT INTO `attendance` VALUES ('1377', '52', null, '1', '1378');
INSERT INTO `attendance` VALUES ('1378', '55', 'Absent', '2', '1378');
INSERT INTO `attendance` VALUES ('1379', '58', null, '1', '1378');
INSERT INTO `attendance` VALUES ('1380', '1', 'Absent', '2', '1399');
INSERT INTO `attendance` VALUES ('1381', '4', null, '1', '1399');
INSERT INTO `attendance` VALUES ('1382', '7', null, '1', '1399');
INSERT INTO `attendance` VALUES ('1383', '10', null, '1', '1399');
INSERT INTO `attendance` VALUES ('1384', '13', 'Absent', '2', '1399');
INSERT INTO `attendance` VALUES ('1385', '16', null, '1', '1399');
INSERT INTO `attendance` VALUES ('1386', '19', null, '1', '1399');
INSERT INTO `attendance` VALUES ('1387', '22', null, '1', '1399');
INSERT INTO `attendance` VALUES ('1388', '25', null, '1', '1399');
INSERT INTO `attendance` VALUES ('1389', '28', 'Absent', '2', '1399');
INSERT INTO `attendance` VALUES ('1390', '31', 'Absent', '2', '1399');
INSERT INTO `attendance` VALUES ('1391', '34', null, '1', '1399');
INSERT INTO `attendance` VALUES ('1392', '37', null, '1', '1399');
INSERT INTO `attendance` VALUES ('1393', '40', 'Absent', '2', '1399');
INSERT INTO `attendance` VALUES ('1394', '43', null, '1', '1399');
INSERT INTO `attendance` VALUES ('1395', '46', null, '1', '1399');
INSERT INTO `attendance` VALUES ('1396', '49', null, '1', '1399');
INSERT INTO `attendance` VALUES ('1397', '52', 'Absent', '2', '1399');
INSERT INTO `attendance` VALUES ('1398', '55', null, '1', '1399');
INSERT INTO `attendance` VALUES ('1399', '58', null, '1', '1399');
INSERT INTO `attendance` VALUES ('1400', '1', null, '1', '1420');
INSERT INTO `attendance` VALUES ('1401', '4', null, '1', '1420');
INSERT INTO `attendance` VALUES ('1402', '7', null, '1', '1420');
INSERT INTO `attendance` VALUES ('1403', '10', null, '1', '1420');
INSERT INTO `attendance` VALUES ('1404', '13', null, '1', '1420');
INSERT INTO `attendance` VALUES ('1405', '16', null, '1', '1420');
INSERT INTO `attendance` VALUES ('1406', '19', null, '1', '1420');
INSERT INTO `attendance` VALUES ('1407', '22', null, '1', '1420');
INSERT INTO `attendance` VALUES ('1408', '25', null, '1', '1420');
INSERT INTO `attendance` VALUES ('1409', '28', 'Absent', '2', '1420');
INSERT INTO `attendance` VALUES ('1410', '31', 'Absent', '2', '1420');
INSERT INTO `attendance` VALUES ('1411', '34', 'Absent', '2', '1420');
INSERT INTO `attendance` VALUES ('1412', '37', 'Absent', '2', '1420');
INSERT INTO `attendance` VALUES ('1413', '40', null, '1', '1420');
INSERT INTO `attendance` VALUES ('1414', '43', 'Absent', '2', '1420');
INSERT INTO `attendance` VALUES ('1415', '46', null, '1', '1420');
INSERT INTO `attendance` VALUES ('1416', '49', null, '1', '1420');
INSERT INTO `attendance` VALUES ('1417', '52', 'Absent', '2', '1420');
INSERT INTO `attendance` VALUES ('1418', '55', null, '1', '1420');
INSERT INTO `attendance` VALUES ('1419', '58', null, '1', '1420');
INSERT INTO `attendance` VALUES ('1420', '1', null, '1', '1441');
INSERT INTO `attendance` VALUES ('1421', '4', null, '1', '1441');
INSERT INTO `attendance` VALUES ('1422', '7', null, '1', '1441');
INSERT INTO `attendance` VALUES ('1423', '10', null, '1', '1441');
INSERT INTO `attendance` VALUES ('1424', '13', 'Absent', '2', '1441');
INSERT INTO `attendance` VALUES ('1425', '16', 'Absent', '2', '1441');
INSERT INTO `attendance` VALUES ('1426', '19', 'Absent', '2', '1441');
INSERT INTO `attendance` VALUES ('1427', '22', null, '1', '1441');
INSERT INTO `attendance` VALUES ('1428', '25', null, '1', '1441');
INSERT INTO `attendance` VALUES ('1429', '28', null, '1', '1441');
INSERT INTO `attendance` VALUES ('1430', '31', null, '1', '1441');
INSERT INTO `attendance` VALUES ('1431', '34', null, '1', '1441');
INSERT INTO `attendance` VALUES ('1432', '37', null, '1', '1441');
INSERT INTO `attendance` VALUES ('1433', '40', null, '1', '1441');
INSERT INTO `attendance` VALUES ('1434', '43', 'Absent', '2', '1441');
INSERT INTO `attendance` VALUES ('1435', '46', 'Absent', '2', '1441');
INSERT INTO `attendance` VALUES ('1436', '49', null, '1', '1441');
INSERT INTO `attendance` VALUES ('1437', '52', null, '1', '1441');
INSERT INTO `attendance` VALUES ('1438', '55', null, '1', '1441');
INSERT INTO `attendance` VALUES ('1439', '58', null, '1', '1441');
INSERT INTO `attendance` VALUES ('1440', '1', null, '1', '1462');
INSERT INTO `attendance` VALUES ('1441', '4', 'Absent', '2', '1462');
INSERT INTO `attendance` VALUES ('1442', '7', null, '1', '1462');
INSERT INTO `attendance` VALUES ('1443', '10', 'Absent', '2', '1462');
INSERT INTO `attendance` VALUES ('1444', '13', 'Absent', '2', '1462');
INSERT INTO `attendance` VALUES ('1445', '16', 'Absent', '2', '1462');
INSERT INTO `attendance` VALUES ('1446', '19', null, '1', '1462');
INSERT INTO `attendance` VALUES ('1447', '22', null, '1', '1462');
INSERT INTO `attendance` VALUES ('1448', '25', 'Absent', '2', '1462');
INSERT INTO `attendance` VALUES ('1449', '28', 'Absent', '2', '1462');
INSERT INTO `attendance` VALUES ('1450', '31', null, '1', '1462');
INSERT INTO `attendance` VALUES ('1451', '34', null, '1', '1462');
INSERT INTO `attendance` VALUES ('1452', '37', null, '1', '1462');
INSERT INTO `attendance` VALUES ('1453', '40', null, '1', '1462');
INSERT INTO `attendance` VALUES ('1454', '43', null, '1', '1462');
INSERT INTO `attendance` VALUES ('1455', '46', null, '1', '1462');
INSERT INTO `attendance` VALUES ('1456', '49', 'Absent', '2', '1462');
INSERT INTO `attendance` VALUES ('1457', '52', null, '1', '1462');
INSERT INTO `attendance` VALUES ('1458', '55', null, '1', '1462');
INSERT INTO `attendance` VALUES ('1459', '58', null, '1', '1462');
INSERT INTO `attendance` VALUES ('1460', '1', null, '1', '1483');
INSERT INTO `attendance` VALUES ('1461', '4', 'Absent', '2', '1483');
INSERT INTO `attendance` VALUES ('1462', '7', 'Absent', '2', '1483');
INSERT INTO `attendance` VALUES ('1463', '10', null, '1', '1483');
INSERT INTO `attendance` VALUES ('1464', '13', 'Absent', '2', '1483');
INSERT INTO `attendance` VALUES ('1465', '16', 'Absent', '2', '1483');
INSERT INTO `attendance` VALUES ('1466', '19', null, '1', '1483');
INSERT INTO `attendance` VALUES ('1467', '22', null, '1', '1483');
INSERT INTO `attendance` VALUES ('1468', '25', null, '1', '1483');
INSERT INTO `attendance` VALUES ('1469', '28', null, '1', '1483');
INSERT INTO `attendance` VALUES ('1470', '31', 'Absent', '2', '1483');
INSERT INTO `attendance` VALUES ('1471', '34', null, '1', '1483');
INSERT INTO `attendance` VALUES ('1472', '37', 'Absent', '2', '1483');
INSERT INTO `attendance` VALUES ('1473', '40', null, '1', '1483');
INSERT INTO `attendance` VALUES ('1474', '43', null, '1', '1483');
INSERT INTO `attendance` VALUES ('1475', '46', null, '1', '1483');
INSERT INTO `attendance` VALUES ('1476', '49', null, '1', '1483');
INSERT INTO `attendance` VALUES ('1477', '52', null, '1', '1483');
INSERT INTO `attendance` VALUES ('1478', '55', 'Absent', '2', '1483');
INSERT INTO `attendance` VALUES ('1479', '58', 'Absent', '2', '1483');
INSERT INTO `attendance` VALUES ('1480', '1', 'Absent', '2', '1504');
INSERT INTO `attendance` VALUES ('1481', '4', null, '1', '1504');
INSERT INTO `attendance` VALUES ('1482', '7', null, '1', '1504');
INSERT INTO `attendance` VALUES ('1483', '10', null, '1', '1504');
INSERT INTO `attendance` VALUES ('1484', '13', null, '1', '1504');
INSERT INTO `attendance` VALUES ('1485', '16', null, '1', '1504');
INSERT INTO `attendance` VALUES ('1486', '19', null, '1', '1504');
INSERT INTO `attendance` VALUES ('1487', '22', null, '1', '1504');
INSERT INTO `attendance` VALUES ('1488', '25', 'Absent', '2', '1504');
INSERT INTO `attendance` VALUES ('1489', '28', null, '1', '1504');
INSERT INTO `attendance` VALUES ('1490', '31', null, '1', '1504');
INSERT INTO `attendance` VALUES ('1491', '34', null, '1', '1504');
INSERT INTO `attendance` VALUES ('1492', '37', null, '1', '1504');
INSERT INTO `attendance` VALUES ('1493', '40', null, '1', '1504');
INSERT INTO `attendance` VALUES ('1494', '43', 'Absent', '2', '1504');
INSERT INTO `attendance` VALUES ('1495', '46', null, '1', '1504');
INSERT INTO `attendance` VALUES ('1496', '49', null, '1', '1504');
INSERT INTO `attendance` VALUES ('1497', '52', 'Absent', '2', '1504');
INSERT INTO `attendance` VALUES ('1498', '55', 'Absent', '2', '1504');
INSERT INTO `attendance` VALUES ('1499', '58', 'Absent', '2', '1504');
INSERT INTO `attendance` VALUES ('1500', '1', null, '1', '1525');
INSERT INTO `attendance` VALUES ('1501', '4', null, '1', '1525');
INSERT INTO `attendance` VALUES ('1502', '7', 'Absent', '2', '1525');
INSERT INTO `attendance` VALUES ('1503', '10', null, '1', '1525');
INSERT INTO `attendance` VALUES ('1504', '13', 'Absent', '2', '1525');
INSERT INTO `attendance` VALUES ('1505', '16', null, '1', '1525');
INSERT INTO `attendance` VALUES ('1506', '19', null, '1', '1525');
INSERT INTO `attendance` VALUES ('1507', '22', 'Absent', '2', '1525');
INSERT INTO `attendance` VALUES ('1508', '25', 'Absent', '2', '1525');
INSERT INTO `attendance` VALUES ('1509', '28', 'Absent', '2', '1525');
INSERT INTO `attendance` VALUES ('1510', '31', 'Absent', '2', '1525');
INSERT INTO `attendance` VALUES ('1511', '34', null, '1', '1525');
INSERT INTO `attendance` VALUES ('1512', '37', 'Absent', '2', '1525');
INSERT INTO `attendance` VALUES ('1513', '40', null, '1', '1525');
INSERT INTO `attendance` VALUES ('1514', '43', 'Absent', '2', '1525');
INSERT INTO `attendance` VALUES ('1515', '46', null, '1', '1525');
INSERT INTO `attendance` VALUES ('1516', '49', 'Absent', '2', '1525');
INSERT INTO `attendance` VALUES ('1517', '52', null, '1', '1525');
INSERT INTO `attendance` VALUES ('1518', '55', null, '1', '1525');
INSERT INTO `attendance` VALUES ('1519', '58', null, '1', '1525');
INSERT INTO `attendance` VALUES ('1520', '1', null, '1', '1546');
INSERT INTO `attendance` VALUES ('1521', '4', null, '1', '1546');
INSERT INTO `attendance` VALUES ('1522', '7', null, '1', '1546');
INSERT INTO `attendance` VALUES ('1523', '10', null, '1', '1546');
INSERT INTO `attendance` VALUES ('1524', '13', null, '1', '1546');
INSERT INTO `attendance` VALUES ('1525', '16', null, '1', '1546');
INSERT INTO `attendance` VALUES ('1526', '19', null, '1', '1546');
INSERT INTO `attendance` VALUES ('1527', '22', null, '1', '1546');
INSERT INTO `attendance` VALUES ('1528', '25', null, '1', '1546');
INSERT INTO `attendance` VALUES ('1529', '28', null, '1', '1546');
INSERT INTO `attendance` VALUES ('1530', '31', null, '1', '1546');
INSERT INTO `attendance` VALUES ('1531', '34', null, '1', '1546');
INSERT INTO `attendance` VALUES ('1532', '37', 'Absent', '2', '1546');
INSERT INTO `attendance` VALUES ('1533', '40', 'Absent', '2', '1546');
INSERT INTO `attendance` VALUES ('1534', '43', null, '1', '1546');
INSERT INTO `attendance` VALUES ('1535', '46', null, '1', '1546');
INSERT INTO `attendance` VALUES ('1536', '49', 'Absent', '2', '1546');
INSERT INTO `attendance` VALUES ('1537', '52', null, '1', '1546');
INSERT INTO `attendance` VALUES ('1538', '55', null, '1', '1546');
INSERT INTO `attendance` VALUES ('1539', '58', null, '1', '1546');
INSERT INTO `attendance` VALUES ('1540', '1', 'Absent', '2', '1567');
INSERT INTO `attendance` VALUES ('1541', '4', null, '1', '1567');
INSERT INTO `attendance` VALUES ('1542', '7', null, '1', '1567');
INSERT INTO `attendance` VALUES ('1543', '10', 'Absent', '2', '1567');
INSERT INTO `attendance` VALUES ('1544', '13', null, '1', '1567');
INSERT INTO `attendance` VALUES ('1545', '16', null, '1', '1567');
INSERT INTO `attendance` VALUES ('1546', '19', 'Absent', '2', '1567');
INSERT INTO `attendance` VALUES ('1547', '22', null, '1', '1567');
INSERT INTO `attendance` VALUES ('1548', '25', 'Absent', '2', '1567');
INSERT INTO `attendance` VALUES ('1549', '28', 'Absent', '2', '1567');
INSERT INTO `attendance` VALUES ('1550', '31', 'Absent', '2', '1567');
INSERT INTO `attendance` VALUES ('1551', '34', null, '1', '1567');
INSERT INTO `attendance` VALUES ('1552', '37', null, '1', '1567');
INSERT INTO `attendance` VALUES ('1553', '40', null, '1', '1567');
INSERT INTO `attendance` VALUES ('1554', '43', 'Absent', '2', '1567');
INSERT INTO `attendance` VALUES ('1555', '46', 'Absent', '2', '1567');
INSERT INTO `attendance` VALUES ('1556', '49', null, '1', '1567');
INSERT INTO `attendance` VALUES ('1557', '52', 'Absent', '2', '1567');
INSERT INTO `attendance` VALUES ('1558', '55', null, '1', '1567');
INSERT INTO `attendance` VALUES ('1559', '58', null, '1', '1567');
INSERT INTO `attendance` VALUES ('1560', '1', null, '1', '1588');
INSERT INTO `attendance` VALUES ('1561', '4', null, '1', '1588');
INSERT INTO `attendance` VALUES ('1562', '7', null, '1', '1588');
INSERT INTO `attendance` VALUES ('1563', '10', null, '1', '1588');
INSERT INTO `attendance` VALUES ('1564', '13', null, '1', '1588');
INSERT INTO `attendance` VALUES ('1565', '16', null, '1', '1588');
INSERT INTO `attendance` VALUES ('1566', '19', null, '1', '1588');
INSERT INTO `attendance` VALUES ('1567', '22', null, '1', '1588');
INSERT INTO `attendance` VALUES ('1568', '25', null, '1', '1588');
INSERT INTO `attendance` VALUES ('1569', '28', null, '1', '1588');
INSERT INTO `attendance` VALUES ('1570', '31', 'Absent', '2', '1588');
INSERT INTO `attendance` VALUES ('1571', '34', null, '1', '1588');
INSERT INTO `attendance` VALUES ('1572', '37', 'Absent', '2', '1588');
INSERT INTO `attendance` VALUES ('1573', '40', null, '1', '1588');
INSERT INTO `attendance` VALUES ('1574', '43', null, '1', '1588');
INSERT INTO `attendance` VALUES ('1575', '46', 'Absent', '2', '1588');
INSERT INTO `attendance` VALUES ('1576', '49', null, '1', '1588');
INSERT INTO `attendance` VALUES ('1577', '52', null, '1', '1588');
INSERT INTO `attendance` VALUES ('1578', '55', null, '1', '1588');
INSERT INTO `attendance` VALUES ('1579', '58', null, '1', '1588');
INSERT INTO `attendance` VALUES ('1580', '1', null, '1', '1609');
INSERT INTO `attendance` VALUES ('1581', '4', null, '1', '1609');
INSERT INTO `attendance` VALUES ('1582', '7', 'Absent', '2', '1609');
INSERT INTO `attendance` VALUES ('1583', '10', 'Absent', '2', '1609');
INSERT INTO `attendance` VALUES ('1584', '13', null, '1', '1609');
INSERT INTO `attendance` VALUES ('1585', '16', 'Absent', '2', '1609');
INSERT INTO `attendance` VALUES ('1586', '19', 'Absent', '2', '1609');
INSERT INTO `attendance` VALUES ('1587', '22', null, '1', '1609');
INSERT INTO `attendance` VALUES ('1588', '25', null, '1', '1609');
INSERT INTO `attendance` VALUES ('1589', '28', null, '1', '1609');
INSERT INTO `attendance` VALUES ('1590', '31', 'Absent', '2', '1609');
INSERT INTO `attendance` VALUES ('1591', '34', 'Absent', '2', '1609');
INSERT INTO `attendance` VALUES ('1592', '37', null, '1', '1609');
INSERT INTO `attendance` VALUES ('1593', '40', null, '1', '1609');
INSERT INTO `attendance` VALUES ('1594', '43', null, '1', '1609');
INSERT INTO `attendance` VALUES ('1595', '46', 'Absent', '2', '1609');
INSERT INTO `attendance` VALUES ('1596', '49', null, '1', '1609');
INSERT INTO `attendance` VALUES ('1597', '52', 'Absent', '2', '1609');
INSERT INTO `attendance` VALUES ('1598', '55', null, '1', '1609');
INSERT INTO `attendance` VALUES ('1599', '58', 'Absent', '2', '1609');
INSERT INTO `attendance` VALUES ('1600', '1', null, '1', '1630');
INSERT INTO `attendance` VALUES ('1601', '4', null, '1', '1630');
INSERT INTO `attendance` VALUES ('1602', '7', null, '1', '1630');
INSERT INTO `attendance` VALUES ('1603', '10', null, '1', '1630');
INSERT INTO `attendance` VALUES ('1604', '13', 'Absent', '2', '1630');
INSERT INTO `attendance` VALUES ('1605', '16', 'Absent', '2', '1630');
INSERT INTO `attendance` VALUES ('1606', '19', null, '1', '1630');
INSERT INTO `attendance` VALUES ('1607', '22', null, '1', '1630');
INSERT INTO `attendance` VALUES ('1608', '25', null, '1', '1630');
INSERT INTO `attendance` VALUES ('1609', '28', null, '1', '1630');
INSERT INTO `attendance` VALUES ('1610', '31', null, '1', '1630');
INSERT INTO `attendance` VALUES ('1611', '34', 'Absent', '2', '1630');
INSERT INTO `attendance` VALUES ('1612', '37', null, '1', '1630');
INSERT INTO `attendance` VALUES ('1613', '40', 'Absent', '2', '1630');
INSERT INTO `attendance` VALUES ('1614', '43', 'Absent', '2', '1630');
INSERT INTO `attendance` VALUES ('1615', '46', null, '1', '1630');
INSERT INTO `attendance` VALUES ('1616', '49', null, '1', '1630');
INSERT INTO `attendance` VALUES ('1617', '52', null, '1', '1630');
INSERT INTO `attendance` VALUES ('1618', '55', null, '1', '1630');
INSERT INTO `attendance` VALUES ('1619', '58', null, '1', '1630');
INSERT INTO `attendance` VALUES ('1620', '1', null, '1', '1651');
INSERT INTO `attendance` VALUES ('1621', '4', null, '1', '1651');
INSERT INTO `attendance` VALUES ('1622', '7', null, '1', '1651');
INSERT INTO `attendance` VALUES ('1623', '10', null, '1', '1651');
INSERT INTO `attendance` VALUES ('1624', '13', null, '1', '1651');
INSERT INTO `attendance` VALUES ('1625', '16', 'Absent', '2', '1651');
INSERT INTO `attendance` VALUES ('1626', '19', null, '1', '1651');
INSERT INTO `attendance` VALUES ('1627', '22', null, '1', '1651');
INSERT INTO `attendance` VALUES ('1628', '25', null, '1', '1651');
INSERT INTO `attendance` VALUES ('1629', '28', 'Absent', '2', '1651');
INSERT INTO `attendance` VALUES ('1630', '31', null, '1', '1651');
INSERT INTO `attendance` VALUES ('1631', '34', null, '1', '1651');
INSERT INTO `attendance` VALUES ('1632', '37', 'Absent', '2', '1651');
INSERT INTO `attendance` VALUES ('1633', '40', null, '1', '1651');
INSERT INTO `attendance` VALUES ('1634', '43', null, '1', '1651');
INSERT INTO `attendance` VALUES ('1635', '46', null, '1', '1651');
INSERT INTO `attendance` VALUES ('1636', '49', 'Absent', '2', '1651');
INSERT INTO `attendance` VALUES ('1637', '52', null, '1', '1651');
INSERT INTO `attendance` VALUES ('1638', '55', 'Absent', '2', '1651');
INSERT INTO `attendance` VALUES ('1639', '58', 'Absent', '2', '1651');
INSERT INTO `attendance` VALUES ('1640', '1', null, '1', '1672');
INSERT INTO `attendance` VALUES ('1641', '4', null, '1', '1672');
INSERT INTO `attendance` VALUES ('1642', '7', 'Absent', '2', '1672');
INSERT INTO `attendance` VALUES ('1643', '10', null, '1', '1672');
INSERT INTO `attendance` VALUES ('1644', '13', 'Absent', '2', '1672');
INSERT INTO `attendance` VALUES ('1645', '16', 'Absent', '2', '1672');
INSERT INTO `attendance` VALUES ('1646', '19', null, '1', '1672');
INSERT INTO `attendance` VALUES ('1647', '22', 'Absent', '2', '1672');
INSERT INTO `attendance` VALUES ('1648', '25', null, '1', '1672');
INSERT INTO `attendance` VALUES ('1649', '28', 'Absent', '2', '1672');
INSERT INTO `attendance` VALUES ('1650', '31', 'Absent', '2', '1672');
INSERT INTO `attendance` VALUES ('1651', '34', 'Absent', '2', '1672');
INSERT INTO `attendance` VALUES ('1652', '37', null, '1', '1672');
INSERT INTO `attendance` VALUES ('1653', '40', null, '1', '1672');
INSERT INTO `attendance` VALUES ('1654', '43', 'Absent', '2', '1672');
INSERT INTO `attendance` VALUES ('1655', '46', 'Absent', '2', '1672');
INSERT INTO `attendance` VALUES ('1656', '49', null, '1', '1672');
INSERT INTO `attendance` VALUES ('1657', '52', null, '1', '1672');
INSERT INTO `attendance` VALUES ('1658', '55', null, '1', '1672');
INSERT INTO `attendance` VALUES ('1659', '58', null, '1', '1672');
INSERT INTO `attendance` VALUES ('1660', '1', 'Absent', '2', '1693');
INSERT INTO `attendance` VALUES ('1661', '4', null, '1', '1693');
INSERT INTO `attendance` VALUES ('1662', '7', null, '1', '1693');
INSERT INTO `attendance` VALUES ('1663', '10', 'Absent', '2', '1693');
INSERT INTO `attendance` VALUES ('1664', '13', 'Absent', '2', '1693');
INSERT INTO `attendance` VALUES ('1665', '16', null, '1', '1693');
INSERT INTO `attendance` VALUES ('1666', '19', 'Absent', '2', '1693');
INSERT INTO `attendance` VALUES ('1667', '22', null, '1', '1693');
INSERT INTO `attendance` VALUES ('1668', '25', null, '1', '1693');
INSERT INTO `attendance` VALUES ('1669', '28', 'Absent', '2', '1693');
INSERT INTO `attendance` VALUES ('1670', '31', 'Absent', '2', '1693');
INSERT INTO `attendance` VALUES ('1671', '34', 'Absent', '2', '1693');
INSERT INTO `attendance` VALUES ('1672', '37', null, '1', '1693');
INSERT INTO `attendance` VALUES ('1673', '40', 'Absent', '2', '1693');
INSERT INTO `attendance` VALUES ('1674', '43', null, '1', '1693');
INSERT INTO `attendance` VALUES ('1675', '46', null, '1', '1693');
INSERT INTO `attendance` VALUES ('1676', '49', null, '1', '1693');
INSERT INTO `attendance` VALUES ('1677', '52', null, '1', '1693');
INSERT INTO `attendance` VALUES ('1678', '55', null, '1', '1693');
INSERT INTO `attendance` VALUES ('1679', '58', 'Absent', '2', '1693');
INSERT INTO `attendance` VALUES ('1680', '1', null, '1', '1714');
INSERT INTO `attendance` VALUES ('1681', '4', 'Absent', '2', '1714');
INSERT INTO `attendance` VALUES ('1682', '7', null, '1', '1714');
INSERT INTO `attendance` VALUES ('1683', '10', null, '1', '1714');
INSERT INTO `attendance` VALUES ('1684', '13', null, '1', '1714');
INSERT INTO `attendance` VALUES ('1685', '16', 'Absent', '2', '1714');
INSERT INTO `attendance` VALUES ('1686', '19', null, '1', '1714');
INSERT INTO `attendance` VALUES ('1687', '22', 'Absent', '2', '1714');
INSERT INTO `attendance` VALUES ('1688', '25', null, '1', '1714');
INSERT INTO `attendance` VALUES ('1689', '28', 'Absent', '2', '1714');
INSERT INTO `attendance` VALUES ('1690', '31', null, '1', '1714');
INSERT INTO `attendance` VALUES ('1691', '34', null, '1', '1714');
INSERT INTO `attendance` VALUES ('1692', '37', null, '1', '1714');
INSERT INTO `attendance` VALUES ('1693', '40', null, '1', '1714');
INSERT INTO `attendance` VALUES ('1694', '43', null, '1', '1714');
INSERT INTO `attendance` VALUES ('1695', '46', null, '1', '1714');
INSERT INTO `attendance` VALUES ('1696', '49', null, '1', '1714');
INSERT INTO `attendance` VALUES ('1697', '52', null, '1', '1714');
INSERT INTO `attendance` VALUES ('1698', '55', 'Absent', '2', '1714');
INSERT INTO `attendance` VALUES ('1699', '58', null, '1', '1714');
INSERT INTO `attendance` VALUES ('1700', '1', null, '1', '1735');
INSERT INTO `attendance` VALUES ('1701', '4', null, '1', '1735');
INSERT INTO `attendance` VALUES ('1702', '7', 'Absent', '2', '1735');
INSERT INTO `attendance` VALUES ('1703', '10', null, '1', '1735');
INSERT INTO `attendance` VALUES ('1704', '13', null, '1', '1735');
INSERT INTO `attendance` VALUES ('1705', '16', null, '1', '1735');
INSERT INTO `attendance` VALUES ('1706', '19', null, '1', '1735');
INSERT INTO `attendance` VALUES ('1707', '22', 'Absent', '2', '1735');
INSERT INTO `attendance` VALUES ('1708', '25', null, '1', '1735');
INSERT INTO `attendance` VALUES ('1709', '28', 'Absent', '2', '1735');
INSERT INTO `attendance` VALUES ('1710', '31', null, '1', '1735');
INSERT INTO `attendance` VALUES ('1711', '34', 'Absent', '2', '1735');
INSERT INTO `attendance` VALUES ('1712', '37', null, '1', '1735');
INSERT INTO `attendance` VALUES ('1713', '40', null, '1', '1735');
INSERT INTO `attendance` VALUES ('1714', '43', null, '1', '1735');
INSERT INTO `attendance` VALUES ('1715', '46', null, '1', '1735');
INSERT INTO `attendance` VALUES ('1716', '49', null, '1', '1735');
INSERT INTO `attendance` VALUES ('1717', '52', 'Absent', '2', '1735');
INSERT INTO `attendance` VALUES ('1718', '55', null, '1', '1735');
INSERT INTO `attendance` VALUES ('1719', '58', null, '1', '1735');
INSERT INTO `attendance` VALUES ('1720', '1', null, '1', '1756');
INSERT INTO `attendance` VALUES ('1721', '4', null, '1', '1756');
INSERT INTO `attendance` VALUES ('1722', '7', 'Absent', '2', '1756');
INSERT INTO `attendance` VALUES ('1723', '10', null, '1', '1756');
INSERT INTO `attendance` VALUES ('1724', '13', 'Absent', '2', '1756');
INSERT INTO `attendance` VALUES ('1725', '16', null, '1', '1756');
INSERT INTO `attendance` VALUES ('1726', '19', 'Absent', '2', '1756');
INSERT INTO `attendance` VALUES ('1727', '22', 'Absent', '2', '1756');
INSERT INTO `attendance` VALUES ('1728', '25', null, '1', '1756');
INSERT INTO `attendance` VALUES ('1729', '28', null, '1', '1756');
INSERT INTO `attendance` VALUES ('1730', '31', null, '1', '1756');
INSERT INTO `attendance` VALUES ('1731', '34', 'Absent', '2', '1756');
INSERT INTO `attendance` VALUES ('1732', '37', null, '1', '1756');
INSERT INTO `attendance` VALUES ('1733', '40', 'Absent', '2', '1756');
INSERT INTO `attendance` VALUES ('1734', '43', null, '1', '1756');
INSERT INTO `attendance` VALUES ('1735', '46', null, '1', '1756');
INSERT INTO `attendance` VALUES ('1736', '49', null, '1', '1756');
INSERT INTO `attendance` VALUES ('1737', '52', null, '1', '1756');
INSERT INTO `attendance` VALUES ('1738', '55', null, '1', '1756');
INSERT INTO `attendance` VALUES ('1739', '58', null, '1', '1756');
INSERT INTO `attendance` VALUES ('1740', '1', null, '1', '1777');
INSERT INTO `attendance` VALUES ('1741', '4', null, '1', '1777');
INSERT INTO `attendance` VALUES ('1742', '7', null, '1', '1777');
INSERT INTO `attendance` VALUES ('1743', '10', 'Absent', '2', '1777');
INSERT INTO `attendance` VALUES ('1744', '13', null, '1', '1777');
INSERT INTO `attendance` VALUES ('1745', '16', null, '1', '1777');
INSERT INTO `attendance` VALUES ('1746', '19', null, '1', '1777');
INSERT INTO `attendance` VALUES ('1747', '22', 'Absent', '2', '1777');
INSERT INTO `attendance` VALUES ('1748', '25', null, '1', '1777');
INSERT INTO `attendance` VALUES ('1749', '28', 'Absent', '2', '1777');
INSERT INTO `attendance` VALUES ('1750', '31', 'Absent', '2', '1777');
INSERT INTO `attendance` VALUES ('1751', '34', null, '1', '1777');
INSERT INTO `attendance` VALUES ('1752', '37', null, '1', '1777');
INSERT INTO `attendance` VALUES ('1753', '40', 'Absent', '2', '1777');
INSERT INTO `attendance` VALUES ('1754', '43', null, '1', '1777');
INSERT INTO `attendance` VALUES ('1755', '46', null, '1', '1777');
INSERT INTO `attendance` VALUES ('1756', '49', null, '1', '1777');
INSERT INTO `attendance` VALUES ('1757', '52', 'Absent', '2', '1777');
INSERT INTO `attendance` VALUES ('1758', '55', null, '1', '1777');
INSERT INTO `attendance` VALUES ('1759', '58', null, '1', '1777');
INSERT INTO `attendance` VALUES ('1760', '1', null, '1', '1798');
INSERT INTO `attendance` VALUES ('1761', '4', null, '1', '1798');
INSERT INTO `attendance` VALUES ('1762', '7', null, '1', '1798');
INSERT INTO `attendance` VALUES ('1763', '10', null, '1', '1798');
INSERT INTO `attendance` VALUES ('1764', '13', 'Absent', '2', '1798');
INSERT INTO `attendance` VALUES ('1765', '16', null, '1', '1798');
INSERT INTO `attendance` VALUES ('1766', '19', null, '1', '1798');
INSERT INTO `attendance` VALUES ('1767', '22', null, '1', '1798');
INSERT INTO `attendance` VALUES ('1768', '25', null, '1', '1798');
INSERT INTO `attendance` VALUES ('1769', '28', null, '1', '1798');
INSERT INTO `attendance` VALUES ('1770', '31', null, '1', '1798');
INSERT INTO `attendance` VALUES ('1771', '34', 'Absent', '2', '1798');
INSERT INTO `attendance` VALUES ('1772', '37', null, '1', '1798');
INSERT INTO `attendance` VALUES ('1773', '40', null, '1', '1798');
INSERT INTO `attendance` VALUES ('1774', '43', 'Absent', '2', '1798');
INSERT INTO `attendance` VALUES ('1775', '46', null, '1', '1798');
INSERT INTO `attendance` VALUES ('1776', '49', null, '1', '1798');
INSERT INTO `attendance` VALUES ('1777', '52', null, '1', '1798');
INSERT INTO `attendance` VALUES ('1778', '55', 'Absent', '2', '1798');
INSERT INTO `attendance` VALUES ('1779', '58', null, '1', '1798');
INSERT INTO `attendance` VALUES ('1780', '1', null, '1', '1819');
INSERT INTO `attendance` VALUES ('1781', '4', 'Absent', '2', '1819');
INSERT INTO `attendance` VALUES ('1782', '7', null, '1', '1819');
INSERT INTO `attendance` VALUES ('1783', '10', 'Absent', '2', '1819');
INSERT INTO `attendance` VALUES ('1784', '13', null, '1', '1819');
INSERT INTO `attendance` VALUES ('1785', '16', null, '1', '1819');
INSERT INTO `attendance` VALUES ('1786', '19', null, '1', '1819');
INSERT INTO `attendance` VALUES ('1787', '22', 'Absent', '2', '1819');
INSERT INTO `attendance` VALUES ('1788', '25', null, '1', '1819');
INSERT INTO `attendance` VALUES ('1789', '28', null, '1', '1819');
INSERT INTO `attendance` VALUES ('1790', '31', null, '1', '1819');
INSERT INTO `attendance` VALUES ('1791', '34', null, '1', '1819');
INSERT INTO `attendance` VALUES ('1792', '37', 'Absent', '2', '1819');
INSERT INTO `attendance` VALUES ('1793', '40', null, '1', '1819');
INSERT INTO `attendance` VALUES ('1794', '43', null, '1', '1819');
INSERT INTO `attendance` VALUES ('1795', '46', 'Absent', '2', '1819');
INSERT INTO `attendance` VALUES ('1796', '49', null, '1', '1819');
INSERT INTO `attendance` VALUES ('1797', '52', 'Absent', '2', '1819');
INSERT INTO `attendance` VALUES ('1798', '55', null, '1', '1819');
INSERT INTO `attendance` VALUES ('1799', '58', null, '1', '1819');
INSERT INTO `attendance` VALUES ('1800', '1', null, '1', '1840');
INSERT INTO `attendance` VALUES ('1801', '4', 'Absent', '2', '1840');
INSERT INTO `attendance` VALUES ('1802', '7', null, '1', '1840');
INSERT INTO `attendance` VALUES ('1803', '10', null, '1', '1840');
INSERT INTO `attendance` VALUES ('1804', '13', null, '1', '1840');
INSERT INTO `attendance` VALUES ('1805', '16', null, '1', '1840');
INSERT INTO `attendance` VALUES ('1806', '19', null, '1', '1840');
INSERT INTO `attendance` VALUES ('1807', '22', null, '1', '1840');
INSERT INTO `attendance` VALUES ('1808', '25', 'Absent', '2', '1840');
INSERT INTO `attendance` VALUES ('1809', '28', 'Absent', '2', '1840');
INSERT INTO `attendance` VALUES ('1810', '31', null, '1', '1840');
INSERT INTO `attendance` VALUES ('1811', '34', null, '1', '1840');
INSERT INTO `attendance` VALUES ('1812', '37', null, '1', '1840');
INSERT INTO `attendance` VALUES ('1813', '40', 'Absent', '2', '1840');
INSERT INTO `attendance` VALUES ('1814', '43', null, '1', '1840');
INSERT INTO `attendance` VALUES ('1815', '46', null, '1', '1840');
INSERT INTO `attendance` VALUES ('1816', '49', null, '1', '1840');
INSERT INTO `attendance` VALUES ('1817', '52', null, '1', '1840');
INSERT INTO `attendance` VALUES ('1818', '55', 'Absent', '2', '1840');
INSERT INTO `attendance` VALUES ('1819', '58', 'Absent', '2', '1840');
INSERT INTO `attendance` VALUES ('1820', '1', null, '1', '1861');
INSERT INTO `attendance` VALUES ('1821', '4', null, '1', '1861');
INSERT INTO `attendance` VALUES ('1822', '7', null, '1', '1861');
INSERT INTO `attendance` VALUES ('1823', '10', null, '1', '1861');
INSERT INTO `attendance` VALUES ('1824', '13', null, '1', '1861');
INSERT INTO `attendance` VALUES ('1825', '16', 'Absent', '2', '1861');
INSERT INTO `attendance` VALUES ('1826', '19', null, '1', '1861');
INSERT INTO `attendance` VALUES ('1827', '22', null, '1', '1861');
INSERT INTO `attendance` VALUES ('1828', '25', 'Absent', '2', '1861');
INSERT INTO `attendance` VALUES ('1829', '28', 'Absent', '2', '1861');
INSERT INTO `attendance` VALUES ('1830', '31', null, '1', '1861');
INSERT INTO `attendance` VALUES ('1831', '34', null, '1', '1861');
INSERT INTO `attendance` VALUES ('1832', '37', null, '1', '1861');
INSERT INTO `attendance` VALUES ('1833', '40', 'Absent', '2', '1861');
INSERT INTO `attendance` VALUES ('1834', '43', null, '1', '1861');
INSERT INTO `attendance` VALUES ('1835', '46', null, '1', '1861');
INSERT INTO `attendance` VALUES ('1836', '49', null, '1', '1861');
INSERT INTO `attendance` VALUES ('1837', '52', null, '1', '1861');
INSERT INTO `attendance` VALUES ('1838', '55', null, '1', '1861');
INSERT INTO `attendance` VALUES ('1839', '58', null, '1', '1861');
INSERT INTO `attendance` VALUES ('1840', '1', null, '1', '1882');
INSERT INTO `attendance` VALUES ('1841', '4', 'Absent', '2', '1882');
INSERT INTO `attendance` VALUES ('1842', '7', 'Absent', '2', '1882');
INSERT INTO `attendance` VALUES ('1843', '10', null, '1', '1882');
INSERT INTO `attendance` VALUES ('1844', '13', null, '1', '1882');
INSERT INTO `attendance` VALUES ('1845', '16', 'Absent', '2', '1882');
INSERT INTO `attendance` VALUES ('1846', '19', 'Absent', '2', '1882');
INSERT INTO `attendance` VALUES ('1847', '22', null, '1', '1882');
INSERT INTO `attendance` VALUES ('1848', '25', null, '1', '1882');
INSERT INTO `attendance` VALUES ('1849', '28', null, '1', '1882');
INSERT INTO `attendance` VALUES ('1850', '31', 'Absent', '2', '1882');
INSERT INTO `attendance` VALUES ('1851', '34', 'Absent', '2', '1882');
INSERT INTO `attendance` VALUES ('1852', '37', null, '1', '1882');
INSERT INTO `attendance` VALUES ('1853', '40', null, '1', '1882');
INSERT INTO `attendance` VALUES ('1854', '43', 'Absent', '2', '1882');
INSERT INTO `attendance` VALUES ('1855', '46', null, '1', '1882');
INSERT INTO `attendance` VALUES ('1856', '49', null, '1', '1882');
INSERT INTO `attendance` VALUES ('1857', '52', null, '1', '1882');
INSERT INTO `attendance` VALUES ('1858', '55', null, '1', '1882');
INSERT INTO `attendance` VALUES ('1859', '58', null, '1', '1882');
INSERT INTO `attendance` VALUES ('1860', '1', null, '1', '1903');
INSERT INTO `attendance` VALUES ('1861', '4', null, '1', '1903');
INSERT INTO `attendance` VALUES ('1862', '7', null, '1', '1903');
INSERT INTO `attendance` VALUES ('1863', '10', null, '1', '1903');
INSERT INTO `attendance` VALUES ('1864', '13', null, '1', '1903');
INSERT INTO `attendance` VALUES ('1865', '16', null, '1', '1903');
INSERT INTO `attendance` VALUES ('1866', '19', null, '1', '1903');
INSERT INTO `attendance` VALUES ('1867', '22', null, '1', '1903');
INSERT INTO `attendance` VALUES ('1868', '25', 'Absent', '2', '1903');
INSERT INTO `attendance` VALUES ('1869', '28', null, '1', '1903');
INSERT INTO `attendance` VALUES ('1870', '31', null, '1', '1903');
INSERT INTO `attendance` VALUES ('1871', '34', 'Absent', '2', '1903');
INSERT INTO `attendance` VALUES ('1872', '37', 'Absent', '2', '1903');
INSERT INTO `attendance` VALUES ('1873', '40', null, '1', '1903');
INSERT INTO `attendance` VALUES ('1874', '43', null, '1', '1903');
INSERT INTO `attendance` VALUES ('1875', '46', 'Absent', '2', '1903');
INSERT INTO `attendance` VALUES ('1876', '49', null, '1', '1903');
INSERT INTO `attendance` VALUES ('1877', '52', null, '1', '1903');
INSERT INTO `attendance` VALUES ('1878', '55', 'Absent', '2', '1903');
INSERT INTO `attendance` VALUES ('1879', '58', 'Absent', '2', '1903');
INSERT INTO `attendance` VALUES ('1880', '1', null, '1', '1924');
INSERT INTO `attendance` VALUES ('1881', '4', 'Absent', '2', '1924');
INSERT INTO `attendance` VALUES ('1882', '7', 'Absent', '2', '1924');
INSERT INTO `attendance` VALUES ('1883', '10', null, '1', '1924');
INSERT INTO `attendance` VALUES ('1884', '13', null, '1', '1924');
INSERT INTO `attendance` VALUES ('1885', '16', null, '1', '1924');
INSERT INTO `attendance` VALUES ('1886', '19', 'Absent', '2', '1924');
INSERT INTO `attendance` VALUES ('1887', '22', null, '1', '1924');
INSERT INTO `attendance` VALUES ('1888', '25', null, '1', '1924');
INSERT INTO `attendance` VALUES ('1889', '28', null, '1', '1924');
INSERT INTO `attendance` VALUES ('1890', '31', null, '1', '1924');
INSERT INTO `attendance` VALUES ('1891', '34', null, '1', '1924');
INSERT INTO `attendance` VALUES ('1892', '37', 'Absent', '2', '1924');
INSERT INTO `attendance` VALUES ('1893', '40', null, '1', '1924');
INSERT INTO `attendance` VALUES ('1894', '43', null, '1', '1924');
INSERT INTO `attendance` VALUES ('1895', '46', 'Absent', '2', '1924');
INSERT INTO `attendance` VALUES ('1896', '49', null, '1', '1924');
INSERT INTO `attendance` VALUES ('1897', '52', null, '1', '1924');
INSERT INTO `attendance` VALUES ('1898', '55', null, '1', '1924');
INSERT INTO `attendance` VALUES ('1899', '58', null, '1', '1924');
INSERT INTO `attendance` VALUES ('2000', '2', 'Absent', '2', '2000');
INSERT INTO `attendance` VALUES ('2001', '5', 'Absent', '2', '2000');
INSERT INTO `attendance` VALUES ('2002', '8', null, '1', '2000');
INSERT INTO `attendance` VALUES ('2003', '11', null, '1', '2000');
INSERT INTO `attendance` VALUES ('2004', '14', null, '1', '2000');
INSERT INTO `attendance` VALUES ('2005', '17', null, '1', '2000');
INSERT INTO `attendance` VALUES ('2006', '20', 'Absent', '2', '2000');
INSERT INTO `attendance` VALUES ('2007', '23', 'Absent', '2', '2000');
INSERT INTO `attendance` VALUES ('2008', '26', 'Absent', '2', '2000');
INSERT INTO `attendance` VALUES ('2009', '29', null, '1', '2000');
INSERT INTO `attendance` VALUES ('2010', '32', null, '1', '2000');
INSERT INTO `attendance` VALUES ('2011', '35', null, '1', '2000');
INSERT INTO `attendance` VALUES ('2012', '38', null, '1', '2000');
INSERT INTO `attendance` VALUES ('2013', '41', null, '1', '2000');
INSERT INTO `attendance` VALUES ('2014', '44', null, '1', '2000');
INSERT INTO `attendance` VALUES ('2015', '47', null, '1', '2000');
INSERT INTO `attendance` VALUES ('2016', '50', null, '1', '2000');
INSERT INTO `attendance` VALUES ('2017', '53', null, '1', '2000');
INSERT INTO `attendance` VALUES ('2018', '56', null, '1', '2000');
INSERT INTO `attendance` VALUES ('2019', '59', 'Absent', '2', '2000');
INSERT INTO `attendance` VALUES ('2020', '2', 'Absent', '2', '2021');
INSERT INTO `attendance` VALUES ('2021', '5', null, '1', '2021');
INSERT INTO `attendance` VALUES ('2022', '8', null, '1', '2021');
INSERT INTO `attendance` VALUES ('2023', '11', 'Absent', '2', '2021');
INSERT INTO `attendance` VALUES ('2024', '14', null, '1', '2021');
INSERT INTO `attendance` VALUES ('2025', '17', null, '1', '2021');
INSERT INTO `attendance` VALUES ('2026', '20', 'Absent', '2', '2021');
INSERT INTO `attendance` VALUES ('2027', '23', 'Absent', '2', '2021');
INSERT INTO `attendance` VALUES ('2028', '26', 'Absent', '2', '2021');
INSERT INTO `attendance` VALUES ('2029', '29', 'Absent', '2', '2021');
INSERT INTO `attendance` VALUES ('2030', '32', null, '1', '2021');
INSERT INTO `attendance` VALUES ('2031', '35', null, '1', '2021');
INSERT INTO `attendance` VALUES ('2032', '38', null, '1', '2021');
INSERT INTO `attendance` VALUES ('2033', '41', null, '1', '2021');
INSERT INTO `attendance` VALUES ('2034', '44', null, '1', '2021');
INSERT INTO `attendance` VALUES ('2035', '47', null, '1', '2021');
INSERT INTO `attendance` VALUES ('2036', '50', null, '1', '2021');
INSERT INTO `attendance` VALUES ('2037', '53', null, '1', '2021');
INSERT INTO `attendance` VALUES ('2038', '56', null, '1', '2021');
INSERT INTO `attendance` VALUES ('2039', '59', null, '1', '2021');
INSERT INTO `attendance` VALUES ('2040', '2', 'Absent', '2', '2042');
INSERT INTO `attendance` VALUES ('2041', '5', null, '1', '2042');
INSERT INTO `attendance` VALUES ('2042', '8', null, '1', '2042');
INSERT INTO `attendance` VALUES ('2043', '11', 'Absent', '2', '2042');
INSERT INTO `attendance` VALUES ('2044', '14', 'Absent', '2', '2042');
INSERT INTO `attendance` VALUES ('2045', '17', 'Absent', '2', '2042');
INSERT INTO `attendance` VALUES ('2046', '20', 'Absent', '2', '2042');
INSERT INTO `attendance` VALUES ('2047', '23', null, '1', '2042');
INSERT INTO `attendance` VALUES ('2048', '26', null, '1', '2042');
INSERT INTO `attendance` VALUES ('2049', '29', null, '1', '2042');
INSERT INTO `attendance` VALUES ('2050', '32', 'Absent', '2', '2042');
INSERT INTO `attendance` VALUES ('2051', '35', 'Absent', '2', '2042');
INSERT INTO `attendance` VALUES ('2052', '38', null, '1', '2042');
INSERT INTO `attendance` VALUES ('2053', '41', null, '1', '2042');
INSERT INTO `attendance` VALUES ('2054', '44', null, '1', '2042');
INSERT INTO `attendance` VALUES ('2055', '47', null, '1', '2042');
INSERT INTO `attendance` VALUES ('2056', '50', 'Absent', '2', '2042');
INSERT INTO `attendance` VALUES ('2057', '53', null, '1', '2042');
INSERT INTO `attendance` VALUES ('2058', '56', null, '1', '2042');
INSERT INTO `attendance` VALUES ('2059', '59', null, '1', '2042');
INSERT INTO `attendance` VALUES ('2060', '2', null, '1', '2063');
INSERT INTO `attendance` VALUES ('2061', '5', null, '1', '2063');
INSERT INTO `attendance` VALUES ('2062', '8', null, '1', '2063');
INSERT INTO `attendance` VALUES ('2063', '11', null, '1', '2063');
INSERT INTO `attendance` VALUES ('2064', '14', null, '1', '2063');
INSERT INTO `attendance` VALUES ('2065', '17', null, '1', '2063');
INSERT INTO `attendance` VALUES ('2066', '20', null, '1', '2063');
INSERT INTO `attendance` VALUES ('2067', '23', 'Absent', '2', '2063');
INSERT INTO `attendance` VALUES ('2068', '26', null, '1', '2063');
INSERT INTO `attendance` VALUES ('2069', '29', 'Absent', '2', '2063');
INSERT INTO `attendance` VALUES ('2070', '32', null, '1', '2063');
INSERT INTO `attendance` VALUES ('2071', '35', 'Absent', '2', '2063');
INSERT INTO `attendance` VALUES ('2072', '38', null, '1', '2063');
INSERT INTO `attendance` VALUES ('2073', '41', null, '1', '2063');
INSERT INTO `attendance` VALUES ('2074', '44', null, '1', '2063');
INSERT INTO `attendance` VALUES ('2075', '47', null, '1', '2063');
INSERT INTO `attendance` VALUES ('2076', '50', 'Absent', '2', '2063');
INSERT INTO `attendance` VALUES ('2077', '53', 'Absent', '2', '2063');
INSERT INTO `attendance` VALUES ('2078', '56', null, '1', '2063');
INSERT INTO `attendance` VALUES ('2079', '59', null, '1', '2063');
INSERT INTO `attendance` VALUES ('2080', '2', 'Absent', '2', '2084');
INSERT INTO `attendance` VALUES ('2081', '5', null, '1', '2084');
INSERT INTO `attendance` VALUES ('2082', '8', null, '1', '2084');
INSERT INTO `attendance` VALUES ('2083', '11', null, '1', '2084');
INSERT INTO `attendance` VALUES ('2084', '14', 'Absent', '2', '2084');
INSERT INTO `attendance` VALUES ('2085', '17', 'Absent', '2', '2084');
INSERT INTO `attendance` VALUES ('2086', '20', null, '1', '2084');
INSERT INTO `attendance` VALUES ('2087', '23', null, '1', '2084');
INSERT INTO `attendance` VALUES ('2088', '26', null, '1', '2084');
INSERT INTO `attendance` VALUES ('2089', '29', null, '1', '2084');
INSERT INTO `attendance` VALUES ('2090', '32', null, '1', '2084');
INSERT INTO `attendance` VALUES ('2091', '35', 'Absent', '2', '2084');
INSERT INTO `attendance` VALUES ('2092', '38', 'Absent', '2', '2084');
INSERT INTO `attendance` VALUES ('2093', '41', null, '1', '2084');
INSERT INTO `attendance` VALUES ('2094', '44', null, '1', '2084');
INSERT INTO `attendance` VALUES ('2095', '47', null, '1', '2084');
INSERT INTO `attendance` VALUES ('2096', '50', null, '1', '2084');
INSERT INTO `attendance` VALUES ('2097', '53', null, '1', '2084');
INSERT INTO `attendance` VALUES ('2098', '56', 'Absent', '2', '2084');
INSERT INTO `attendance` VALUES ('2099', '59', null, '1', '2084');
INSERT INTO `attendance` VALUES ('2100', '2', 'Absent', '2', '2105');
INSERT INTO `attendance` VALUES ('2101', '5', 'Absent', '2', '2105');
INSERT INTO `attendance` VALUES ('2102', '8', null, '1', '2105');
INSERT INTO `attendance` VALUES ('2103', '11', null, '1', '2105');
INSERT INTO `attendance` VALUES ('2104', '14', null, '1', '2105');
INSERT INTO `attendance` VALUES ('2105', '17', null, '1', '2105');
INSERT INTO `attendance` VALUES ('2106', '20', null, '1', '2105');
INSERT INTO `attendance` VALUES ('2107', '23', null, '1', '2105');
INSERT INTO `attendance` VALUES ('2108', '26', null, '1', '2105');
INSERT INTO `attendance` VALUES ('2109', '29', null, '1', '2105');
INSERT INTO `attendance` VALUES ('2110', '32', null, '1', '2105');
INSERT INTO `attendance` VALUES ('2111', '35', null, '1', '2105');
INSERT INTO `attendance` VALUES ('2112', '38', 'Absent', '2', '2105');
INSERT INTO `attendance` VALUES ('2113', '41', null, '1', '2105');
INSERT INTO `attendance` VALUES ('2114', '44', null, '1', '2105');
INSERT INTO `attendance` VALUES ('2115', '47', 'Absent', '2', '2105');
INSERT INTO `attendance` VALUES ('2116', '50', 'Absent', '2', '2105');
INSERT INTO `attendance` VALUES ('2117', '53', null, '1', '2105');
INSERT INTO `attendance` VALUES ('2118', '56', null, '1', '2105');
INSERT INTO `attendance` VALUES ('2119', '59', null, '1', '2105');
INSERT INTO `attendance` VALUES ('2120', '2', null, '1', '2126');
INSERT INTO `attendance` VALUES ('2121', '5', null, '1', '2126');
INSERT INTO `attendance` VALUES ('2122', '8', null, '1', '2126');
INSERT INTO `attendance` VALUES ('2123', '11', null, '1', '2126');
INSERT INTO `attendance` VALUES ('2124', '14', null, '1', '2126');
INSERT INTO `attendance` VALUES ('2125', '17', null, '1', '2126');
INSERT INTO `attendance` VALUES ('2126', '20', null, '1', '2126');
INSERT INTO `attendance` VALUES ('2127', '23', 'Absent', '2', '2126');
INSERT INTO `attendance` VALUES ('2128', '26', 'Absent', '2', '2126');
INSERT INTO `attendance` VALUES ('2129', '29', null, '1', '2126');
INSERT INTO `attendance` VALUES ('2130', '32', 'Absent', '2', '2126');
INSERT INTO `attendance` VALUES ('2131', '35', null, '1', '2126');
INSERT INTO `attendance` VALUES ('2132', '38', null, '1', '2126');
INSERT INTO `attendance` VALUES ('2133', '41', 'Absent', '2', '2126');
INSERT INTO `attendance` VALUES ('2134', '44', null, '1', '2126');
INSERT INTO `attendance` VALUES ('2135', '47', null, '1', '2126');
INSERT INTO `attendance` VALUES ('2136', '50', 'Absent', '2', '2126');
INSERT INTO `attendance` VALUES ('2137', '53', null, '1', '2126');
INSERT INTO `attendance` VALUES ('2138', '56', 'Absent', '2', '2126');
INSERT INTO `attendance` VALUES ('2139', '59', 'Absent', '2', '2126');
INSERT INTO `attendance` VALUES ('2140', '2', null, '1', '2147');
INSERT INTO `attendance` VALUES ('2141', '5', null, '1', '2147');
INSERT INTO `attendance` VALUES ('2142', '8', null, '1', '2147');
INSERT INTO `attendance` VALUES ('2143', '11', 'Absent', '2', '2147');
INSERT INTO `attendance` VALUES ('2144', '14', 'Absent', '2', '2147');
INSERT INTO `attendance` VALUES ('2145', '17', null, '1', '2147');
INSERT INTO `attendance` VALUES ('2146', '20', 'Absent', '2', '2147');
INSERT INTO `attendance` VALUES ('2147', '23', null, '1', '2147');
INSERT INTO `attendance` VALUES ('2148', '26', null, '1', '2147');
INSERT INTO `attendance` VALUES ('2149', '29', null, '1', '2147');
INSERT INTO `attendance` VALUES ('2150', '32', null, '1', '2147');
INSERT INTO `attendance` VALUES ('2151', '35', null, '1', '2147');
INSERT INTO `attendance` VALUES ('2152', '38', null, '1', '2147');
INSERT INTO `attendance` VALUES ('2153', '41', 'Absent', '2', '2147');
INSERT INTO `attendance` VALUES ('2154', '44', 'Absent', '2', '2147');
INSERT INTO `attendance` VALUES ('2155', '47', null, '1', '2147');
INSERT INTO `attendance` VALUES ('2156', '50', null, '1', '2147');
INSERT INTO `attendance` VALUES ('2157', '53', null, '1', '2147');
INSERT INTO `attendance` VALUES ('2158', '56', null, '1', '2147');
INSERT INTO `attendance` VALUES ('2159', '59', null, '1', '2147');
INSERT INTO `attendance` VALUES ('2160', '2', null, '1', '2168');
INSERT INTO `attendance` VALUES ('2161', '5', 'Absent', '2', '2168');
INSERT INTO `attendance` VALUES ('2162', '8', null, '1', '2168');
INSERT INTO `attendance` VALUES ('2163', '11', null, '1', '2168');
INSERT INTO `attendance` VALUES ('2164', '14', null, '1', '2168');
INSERT INTO `attendance` VALUES ('2165', '17', null, '1', '2168');
INSERT INTO `attendance` VALUES ('2166', '20', null, '1', '2168');
INSERT INTO `attendance` VALUES ('2167', '23', null, '1', '2168');
INSERT INTO `attendance` VALUES ('2168', '26', null, '1', '2168');
INSERT INTO `attendance` VALUES ('2169', '29', 'Absent', '2', '2168');
INSERT INTO `attendance` VALUES ('2170', '32', null, '1', '2168');
INSERT INTO `attendance` VALUES ('2171', '35', null, '1', '2168');
INSERT INTO `attendance` VALUES ('2172', '38', null, '1', '2168');
INSERT INTO `attendance` VALUES ('2173', '41', 'Absent', '2', '2168');
INSERT INTO `attendance` VALUES ('2174', '44', 'Absent', '2', '2168');
INSERT INTO `attendance` VALUES ('2175', '47', null, '1', '2168');
INSERT INTO `attendance` VALUES ('2176', '50', null, '1', '2168');
INSERT INTO `attendance` VALUES ('2177', '53', 'Absent', '2', '2168');
INSERT INTO `attendance` VALUES ('2178', '56', 'Absent', '2', '2168');
INSERT INTO `attendance` VALUES ('2179', '59', null, '1', '2168');
INSERT INTO `attendance` VALUES ('2180', '2', null, '1', '2189');
INSERT INTO `attendance` VALUES ('2181', '5', null, '1', '2189');
INSERT INTO `attendance` VALUES ('2182', '8', null, '1', '2189');
INSERT INTO `attendance` VALUES ('2183', '11', null, '1', '2189');
INSERT INTO `attendance` VALUES ('2184', '14', null, '1', '2189');
INSERT INTO `attendance` VALUES ('2185', '17', null, '1', '2189');
INSERT INTO `attendance` VALUES ('2186', '20', null, '1', '2189');
INSERT INTO `attendance` VALUES ('2187', '23', 'Absent', '2', '2189');
INSERT INTO `attendance` VALUES ('2188', '26', null, '1', '2189');
INSERT INTO `attendance` VALUES ('2189', '29', null, '1', '2189');
INSERT INTO `attendance` VALUES ('2190', '32', 'Absent', '2', '2189');
INSERT INTO `attendance` VALUES ('2191', '35', 'Absent', '2', '2189');
INSERT INTO `attendance` VALUES ('2192', '38', null, '1', '2189');
INSERT INTO `attendance` VALUES ('2193', '41', 'Absent', '2', '2189');
INSERT INTO `attendance` VALUES ('2194', '44', null, '1', '2189');
INSERT INTO `attendance` VALUES ('2195', '47', 'Absent', '2', '2189');
INSERT INTO `attendance` VALUES ('2196', '50', null, '1', '2189');
INSERT INTO `attendance` VALUES ('2197', '53', null, '1', '2189');
INSERT INTO `attendance` VALUES ('2198', '56', 'Absent', '2', '2189');
INSERT INTO `attendance` VALUES ('2199', '59', null, '1', '2189');
INSERT INTO `attendance` VALUES ('2200', '2', null, '1', '2210');
INSERT INTO `attendance` VALUES ('2201', '5', null, '1', '2210');
INSERT INTO `attendance` VALUES ('2202', '8', null, '1', '2210');
INSERT INTO `attendance` VALUES ('2203', '11', null, '1', '2210');
INSERT INTO `attendance` VALUES ('2204', '14', null, '1', '2210');
INSERT INTO `attendance` VALUES ('2205', '17', 'Absent', '2', '2210');
INSERT INTO `attendance` VALUES ('2206', '20', null, '1', '2210');
INSERT INTO `attendance` VALUES ('2207', '23', null, '1', '2210');
INSERT INTO `attendance` VALUES ('2208', '26', null, '1', '2210');
INSERT INTO `attendance` VALUES ('2209', '29', null, '1', '2210');
INSERT INTO `attendance` VALUES ('2210', '32', 'Absent', '2', '2210');
INSERT INTO `attendance` VALUES ('2211', '35', null, '1', '2210');
INSERT INTO `attendance` VALUES ('2212', '38', null, '1', '2210');
INSERT INTO `attendance` VALUES ('2213', '41', null, '1', '2210');
INSERT INTO `attendance` VALUES ('2214', '44', null, '1', '2210');
INSERT INTO `attendance` VALUES ('2215', '47', null, '1', '2210');
INSERT INTO `attendance` VALUES ('2216', '50', null, '1', '2210');
INSERT INTO `attendance` VALUES ('2217', '53', 'Absent', '2', '2210');
INSERT INTO `attendance` VALUES ('2218', '56', null, '1', '2210');
INSERT INTO `attendance` VALUES ('2219', '59', 'Absent', '2', '2210');
INSERT INTO `attendance` VALUES ('2220', '2', null, '1', '2231');
INSERT INTO `attendance` VALUES ('2221', '5', null, '1', '2231');
INSERT INTO `attendance` VALUES ('2222', '8', null, '1', '2231');
INSERT INTO `attendance` VALUES ('2223', '11', 'Absent', '2', '2231');
INSERT INTO `attendance` VALUES ('2224', '14', null, '1', '2231');
INSERT INTO `attendance` VALUES ('2225', '17', null, '1', '2231');
INSERT INTO `attendance` VALUES ('2226', '20', null, '1', '2231');
INSERT INTO `attendance` VALUES ('2227', '23', null, '1', '2231');
INSERT INTO `attendance` VALUES ('2228', '26', 'Absent', '2', '2231');
INSERT INTO `attendance` VALUES ('2229', '29', null, '1', '2231');
INSERT INTO `attendance` VALUES ('2230', '32', null, '1', '2231');
INSERT INTO `attendance` VALUES ('2231', '35', null, '1', '2231');
INSERT INTO `attendance` VALUES ('2232', '38', null, '1', '2231');
INSERT INTO `attendance` VALUES ('2233', '41', null, '1', '2231');
INSERT INTO `attendance` VALUES ('2234', '44', 'Absent', '2', '2231');
INSERT INTO `attendance` VALUES ('2235', '47', 'Absent', '2', '2231');
INSERT INTO `attendance` VALUES ('2236', '50', null, '1', '2231');
INSERT INTO `attendance` VALUES ('2237', '53', null, '1', '2231');
INSERT INTO `attendance` VALUES ('2238', '56', null, '1', '2231');
INSERT INTO `attendance` VALUES ('2239', '59', null, '1', '2231');
INSERT INTO `attendance` VALUES ('2240', '2', 'Absent', '2', '2252');
INSERT INTO `attendance` VALUES ('2241', '5', 'Absent', '2', '2252');
INSERT INTO `attendance` VALUES ('2242', '8', 'Absent', '2', '2252');
INSERT INTO `attendance` VALUES ('2243', '11', null, '1', '2252');
INSERT INTO `attendance` VALUES ('2244', '14', 'Absent', '2', '2252');
INSERT INTO `attendance` VALUES ('2245', '17', 'Absent', '2', '2252');
INSERT INTO `attendance` VALUES ('2246', '20', null, '1', '2252');
INSERT INTO `attendance` VALUES ('2247', '23', 'Absent', '2', '2252');
INSERT INTO `attendance` VALUES ('2248', '26', null, '1', '2252');
INSERT INTO `attendance` VALUES ('2249', '29', null, '1', '2252');
INSERT INTO `attendance` VALUES ('2250', '32', null, '1', '2252');
INSERT INTO `attendance` VALUES ('2251', '35', null, '1', '2252');
INSERT INTO `attendance` VALUES ('2252', '38', 'Absent', '2', '2252');
INSERT INTO `attendance` VALUES ('2253', '41', null, '1', '2252');
INSERT INTO `attendance` VALUES ('2254', '44', null, '1', '2252');
INSERT INTO `attendance` VALUES ('2255', '47', 'Absent', '2', '2252');
INSERT INTO `attendance` VALUES ('2256', '50', null, '1', '2252');
INSERT INTO `attendance` VALUES ('2257', '53', 'Absent', '2', '2252');
INSERT INTO `attendance` VALUES ('2258', '56', null, '1', '2252');
INSERT INTO `attendance` VALUES ('2259', '59', null, '1', '2252');
INSERT INTO `attendance` VALUES ('2260', '2', null, '1', '2273');
INSERT INTO `attendance` VALUES ('2261', '5', null, '1', '2273');
INSERT INTO `attendance` VALUES ('2262', '8', null, '1', '2273');
INSERT INTO `attendance` VALUES ('2263', '11', null, '1', '2273');
INSERT INTO `attendance` VALUES ('2264', '14', null, '1', '2273');
INSERT INTO `attendance` VALUES ('2265', '17', null, '1', '2273');
INSERT INTO `attendance` VALUES ('2266', '20', 'Absent', '2', '2273');
INSERT INTO `attendance` VALUES ('2267', '23', null, '1', '2273');
INSERT INTO `attendance` VALUES ('2268', '26', null, '1', '2273');
INSERT INTO `attendance` VALUES ('2269', '29', null, '1', '2273');
INSERT INTO `attendance` VALUES ('2270', '32', null, '1', '2273');
INSERT INTO `attendance` VALUES ('2271', '35', 'Absent', '2', '2273');
INSERT INTO `attendance` VALUES ('2272', '38', null, '1', '2273');
INSERT INTO `attendance` VALUES ('2273', '41', null, '1', '2273');
INSERT INTO `attendance` VALUES ('2274', '44', 'Absent', '2', '2273');
INSERT INTO `attendance` VALUES ('2275', '47', null, '1', '2273');
INSERT INTO `attendance` VALUES ('2276', '50', null, '1', '2273');
INSERT INTO `attendance` VALUES ('2277', '53', 'Absent', '2', '2273');
INSERT INTO `attendance` VALUES ('2278', '56', null, '1', '2273');
INSERT INTO `attendance` VALUES ('2279', '59', null, '1', '2273');
INSERT INTO `attendance` VALUES ('2280', '2', null, '1', '2294');
INSERT INTO `attendance` VALUES ('2281', '5', 'Absent', '2', '2294');
INSERT INTO `attendance` VALUES ('2282', '8', null, '1', '2294');
INSERT INTO `attendance` VALUES ('2283', '11', null, '1', '2294');
INSERT INTO `attendance` VALUES ('2284', '14', null, '1', '2294');
INSERT INTO `attendance` VALUES ('2285', '17', 'Absent', '2', '2294');
INSERT INTO `attendance` VALUES ('2286', '20', null, '1', '2294');
INSERT INTO `attendance` VALUES ('2287', '23', null, '1', '2294');
INSERT INTO `attendance` VALUES ('2288', '26', null, '1', '2294');
INSERT INTO `attendance` VALUES ('2289', '29', null, '1', '2294');
INSERT INTO `attendance` VALUES ('2290', '32', null, '1', '2294');
INSERT INTO `attendance` VALUES ('2291', '35', 'Absent', '2', '2294');
INSERT INTO `attendance` VALUES ('2292', '38', null, '1', '2294');
INSERT INTO `attendance` VALUES ('2293', '41', null, '1', '2294');
INSERT INTO `attendance` VALUES ('2294', '44', null, '1', '2294');
INSERT INTO `attendance` VALUES ('2295', '47', null, '1', '2294');
INSERT INTO `attendance` VALUES ('2296', '50', null, '1', '2294');
INSERT INTO `attendance` VALUES ('2297', '53', null, '1', '2294');
INSERT INTO `attendance` VALUES ('2298', '56', 'Absent', '2', '2294');
INSERT INTO `attendance` VALUES ('2299', '59', null, '1', '2294');
INSERT INTO `attendance` VALUES ('2300', '2', 'Absent', '2', '2315');
INSERT INTO `attendance` VALUES ('2301', '5', 'Absent', '2', '2315');
INSERT INTO `attendance` VALUES ('2302', '8', 'Absent', '2', '2315');
INSERT INTO `attendance` VALUES ('2303', '11', 'Absent', '2', '2315');
INSERT INTO `attendance` VALUES ('2304', '14', null, '1', '2315');
INSERT INTO `attendance` VALUES ('2305', '17', null, '1', '2315');
INSERT INTO `attendance` VALUES ('2306', '20', 'Absent', '2', '2315');
INSERT INTO `attendance` VALUES ('2307', '23', null, '1', '2315');
INSERT INTO `attendance` VALUES ('2308', '26', null, '1', '2315');
INSERT INTO `attendance` VALUES ('2309', '29', null, '1', '2315');
INSERT INTO `attendance` VALUES ('2310', '32', 'Absent', '2', '2315');
INSERT INTO `attendance` VALUES ('2311', '35', null, '1', '2315');
INSERT INTO `attendance` VALUES ('2312', '38', null, '1', '2315');
INSERT INTO `attendance` VALUES ('2313', '41', null, '1', '2315');
INSERT INTO `attendance` VALUES ('2314', '44', 'Absent', '2', '2315');
INSERT INTO `attendance` VALUES ('2315', '47', null, '1', '2315');
INSERT INTO `attendance` VALUES ('2316', '50', null, '1', '2315');
INSERT INTO `attendance` VALUES ('2317', '53', null, '1', '2315');
INSERT INTO `attendance` VALUES ('2318', '56', null, '1', '2315');
INSERT INTO `attendance` VALUES ('2319', '59', null, '1', '2315');
INSERT INTO `attendance` VALUES ('2320', '2', null, '1', '2336');
INSERT INTO `attendance` VALUES ('2321', '5', 'Absent', '2', '2336');
INSERT INTO `attendance` VALUES ('2322', '8', null, '1', '2336');
INSERT INTO `attendance` VALUES ('2323', '11', 'Absent', '2', '2336');
INSERT INTO `attendance` VALUES ('2324', '14', null, '1', '2336');
INSERT INTO `attendance` VALUES ('2325', '17', 'Absent', '2', '2336');
INSERT INTO `attendance` VALUES ('2326', '20', null, '1', '2336');
INSERT INTO `attendance` VALUES ('2327', '23', 'Absent', '2', '2336');
INSERT INTO `attendance` VALUES ('2328', '26', null, '1', '2336');
INSERT INTO `attendance` VALUES ('2329', '29', 'Absent', '2', '2336');
INSERT INTO `attendance` VALUES ('2330', '32', null, '1', '2336');
INSERT INTO `attendance` VALUES ('2331', '35', null, '1', '2336');
INSERT INTO `attendance` VALUES ('2332', '38', null, '1', '2336');
INSERT INTO `attendance` VALUES ('2333', '41', null, '1', '2336');
INSERT INTO `attendance` VALUES ('2334', '44', 'Absent', '2', '2336');
INSERT INTO `attendance` VALUES ('2335', '47', null, '1', '2336');
INSERT INTO `attendance` VALUES ('2336', '50', 'Absent', '2', '2336');
INSERT INTO `attendance` VALUES ('2337', '53', null, '1', '2336');
INSERT INTO `attendance` VALUES ('2338', '56', null, '1', '2336');
INSERT INTO `attendance` VALUES ('2339', '59', null, '1', '2336');
INSERT INTO `attendance` VALUES ('2340', '2', null, '1', '2357');
INSERT INTO `attendance` VALUES ('2341', '5', null, '1', '2357');
INSERT INTO `attendance` VALUES ('2342', '8', 'Absent', '2', '2357');
INSERT INTO `attendance` VALUES ('2343', '11', null, '1', '2357');
INSERT INTO `attendance` VALUES ('2344', '14', null, '1', '2357');
INSERT INTO `attendance` VALUES ('2345', '17', 'Absent', '2', '2357');
INSERT INTO `attendance` VALUES ('2346', '20', null, '1', '2357');
INSERT INTO `attendance` VALUES ('2347', '23', null, '1', '2357');
INSERT INTO `attendance` VALUES ('2348', '26', 'Absent', '2', '2357');
INSERT INTO `attendance` VALUES ('2349', '29', null, '1', '2357');
INSERT INTO `attendance` VALUES ('2350', '32', null, '1', '2357');
INSERT INTO `attendance` VALUES ('2351', '35', 'Absent', '2', '2357');
INSERT INTO `attendance` VALUES ('2352', '38', null, '1', '2357');
INSERT INTO `attendance` VALUES ('2353', '41', null, '1', '2357');
INSERT INTO `attendance` VALUES ('2354', '44', null, '1', '2357');
INSERT INTO `attendance` VALUES ('2355', '47', 'Absent', '2', '2357');
INSERT INTO `attendance` VALUES ('2356', '50', null, '1', '2357');
INSERT INTO `attendance` VALUES ('2357', '53', null, '1', '2357');
INSERT INTO `attendance` VALUES ('2358', '56', 'Absent', '2', '2357');
INSERT INTO `attendance` VALUES ('2359', '59', null, '1', '2357');
INSERT INTO `attendance` VALUES ('2360', '2', 'Absent', '2', '2378');
INSERT INTO `attendance` VALUES ('2361', '5', null, '1', '2378');
INSERT INTO `attendance` VALUES ('2362', '8', null, '1', '2378');
INSERT INTO `attendance` VALUES ('2363', '11', null, '1', '2378');
INSERT INTO `attendance` VALUES ('2364', '14', null, '1', '2378');
INSERT INTO `attendance` VALUES ('2365', '17', null, '1', '2378');
INSERT INTO `attendance` VALUES ('2366', '20', null, '1', '2378');
INSERT INTO `attendance` VALUES ('2367', '23', null, '1', '2378');
INSERT INTO `attendance` VALUES ('2368', '26', null, '1', '2378');
INSERT INTO `attendance` VALUES ('2369', '29', null, '1', '2378');
INSERT INTO `attendance` VALUES ('2370', '32', null, '1', '2378');
INSERT INTO `attendance` VALUES ('2371', '35', null, '1', '2378');
INSERT INTO `attendance` VALUES ('2372', '38', null, '1', '2378');
INSERT INTO `attendance` VALUES ('2373', '41', 'Absent', '2', '2378');
INSERT INTO `attendance` VALUES ('2374', '44', 'Absent', '2', '2378');
INSERT INTO `attendance` VALUES ('2375', '47', null, '1', '2378');
INSERT INTO `attendance` VALUES ('2376', '50', 'Absent', '2', '2378');
INSERT INTO `attendance` VALUES ('2377', '53', null, '1', '2378');
INSERT INTO `attendance` VALUES ('2378', '56', null, '1', '2378');
INSERT INTO `attendance` VALUES ('2379', '59', 'Absent', '2', '2378');
INSERT INTO `attendance` VALUES ('2380', '2', null, '1', '2399');
INSERT INTO `attendance` VALUES ('2381', '5', null, '1', '2399');
INSERT INTO `attendance` VALUES ('2382', '8', 'Absent', '2', '2399');
INSERT INTO `attendance` VALUES ('2383', '11', 'Absent', '2', '2399');
INSERT INTO `attendance` VALUES ('2384', '14', null, '1', '2399');
INSERT INTO `attendance` VALUES ('2385', '17', 'Absent', '2', '2399');
INSERT INTO `attendance` VALUES ('2386', '20', 'Absent', '2', '2399');
INSERT INTO `attendance` VALUES ('2387', '23', 'Absent', '2', '2399');
INSERT INTO `attendance` VALUES ('2388', '26', null, '1', '2399');
INSERT INTO `attendance` VALUES ('2389', '29', null, '1', '2399');
INSERT INTO `attendance` VALUES ('2390', '32', null, '1', '2399');
INSERT INTO `attendance` VALUES ('2391', '35', 'Absent', '2', '2399');
INSERT INTO `attendance` VALUES ('2392', '38', null, '1', '2399');
INSERT INTO `attendance` VALUES ('2393', '41', null, '1', '2399');
INSERT INTO `attendance` VALUES ('2394', '44', null, '1', '2399');
INSERT INTO `attendance` VALUES ('2395', '47', null, '1', '2399');
INSERT INTO `attendance` VALUES ('2396', '50', null, '1', '2399');
INSERT INTO `attendance` VALUES ('2397', '53', 'Absent', '2', '2399');
INSERT INTO `attendance` VALUES ('2398', '56', 'Absent', '2', '2399');
INSERT INTO `attendance` VALUES ('2399', '59', null, '1', '2399');
INSERT INTO `attendance` VALUES ('2400', '2', 'Absent', '2', '2420');
INSERT INTO `attendance` VALUES ('2401', '5', null, '1', '2420');
INSERT INTO `attendance` VALUES ('2402', '8', 'Absent', '2', '2420');
INSERT INTO `attendance` VALUES ('2403', '11', null, '1', '2420');
INSERT INTO `attendance` VALUES ('2404', '14', null, '1', '2420');
INSERT INTO `attendance` VALUES ('2405', '17', 'Absent', '2', '2420');
INSERT INTO `attendance` VALUES ('2406', '20', null, '1', '2420');
INSERT INTO `attendance` VALUES ('2407', '23', null, '1', '2420');
INSERT INTO `attendance` VALUES ('2408', '26', null, '1', '2420');
INSERT INTO `attendance` VALUES ('2409', '29', null, '1', '2420');
INSERT INTO `attendance` VALUES ('2410', '32', null, '1', '2420');
INSERT INTO `attendance` VALUES ('2411', '35', null, '1', '2420');
INSERT INTO `attendance` VALUES ('2412', '38', null, '1', '2420');
INSERT INTO `attendance` VALUES ('2413', '41', null, '1', '2420');
INSERT INTO `attendance` VALUES ('2414', '44', null, '1', '2420');
INSERT INTO `attendance` VALUES ('2415', '47', null, '1', '2420');
INSERT INTO `attendance` VALUES ('2416', '50', null, '1', '2420');
INSERT INTO `attendance` VALUES ('2417', '53', null, '1', '2420');
INSERT INTO `attendance` VALUES ('2418', '56', 'Absent', '2', '2420');
INSERT INTO `attendance` VALUES ('2419', '59', 'Absent', '2', '2420');
INSERT INTO `attendance` VALUES ('2420', '2', 'Absent', '2', '2441');
INSERT INTO `attendance` VALUES ('2421', '5', null, '1', '2441');
INSERT INTO `attendance` VALUES ('2422', '8', null, '1', '2441');
INSERT INTO `attendance` VALUES ('2423', '11', null, '1', '2441');
INSERT INTO `attendance` VALUES ('2424', '14', null, '1', '2441');
INSERT INTO `attendance` VALUES ('2425', '17', null, '1', '2441');
INSERT INTO `attendance` VALUES ('2426', '20', 'Absent', '2', '2441');
INSERT INTO `attendance` VALUES ('2427', '23', null, '1', '2441');
INSERT INTO `attendance` VALUES ('2428', '26', null, '1', '2441');
INSERT INTO `attendance` VALUES ('2429', '29', 'Absent', '2', '2441');
INSERT INTO `attendance` VALUES ('2430', '32', null, '1', '2441');
INSERT INTO `attendance` VALUES ('2431', '35', null, '1', '2441');
INSERT INTO `attendance` VALUES ('2432', '38', null, '1', '2441');
INSERT INTO `attendance` VALUES ('2433', '41', null, '1', '2441');
INSERT INTO `attendance` VALUES ('2434', '44', 'Absent', '2', '2441');
INSERT INTO `attendance` VALUES ('2435', '47', 'Absent', '2', '2441');
INSERT INTO `attendance` VALUES ('2436', '50', 'Absent', '2', '2441');
INSERT INTO `attendance` VALUES ('2437', '53', null, '1', '2441');
INSERT INTO `attendance` VALUES ('2438', '56', 'Absent', '2', '2441');
INSERT INTO `attendance` VALUES ('2439', '59', null, '1', '2441');
INSERT INTO `attendance` VALUES ('2440', '2', null, '1', '2462');
INSERT INTO `attendance` VALUES ('2441', '5', null, '1', '2462');
INSERT INTO `attendance` VALUES ('2442', '8', null, '1', '2462');
INSERT INTO `attendance` VALUES ('2443', '11', 'Absent', '2', '2462');
INSERT INTO `attendance` VALUES ('2444', '14', null, '1', '2462');
INSERT INTO `attendance` VALUES ('2445', '17', null, '1', '2462');
INSERT INTO `attendance` VALUES ('2446', '20', 'Absent', '2', '2462');
INSERT INTO `attendance` VALUES ('2447', '23', null, '1', '2462');
INSERT INTO `attendance` VALUES ('2448', '26', null, '1', '2462');
INSERT INTO `attendance` VALUES ('2449', '29', null, '1', '2462');
INSERT INTO `attendance` VALUES ('2450', '32', null, '1', '2462');
INSERT INTO `attendance` VALUES ('2451', '35', 'Absent', '2', '2462');
INSERT INTO `attendance` VALUES ('2452', '38', null, '1', '2462');
INSERT INTO `attendance` VALUES ('2453', '41', null, '1', '2462');
INSERT INTO `attendance` VALUES ('2454', '44', null, '1', '2462');
INSERT INTO `attendance` VALUES ('2455', '47', null, '1', '2462');
INSERT INTO `attendance` VALUES ('2456', '50', null, '1', '2462');
INSERT INTO `attendance` VALUES ('2457', '53', null, '1', '2462');
INSERT INTO `attendance` VALUES ('2458', '56', null, '1', '2462');
INSERT INTO `attendance` VALUES ('2459', '59', null, '1', '2462');
INSERT INTO `attendance` VALUES ('2460', '2', null, '1', '2483');
INSERT INTO `attendance` VALUES ('2461', '5', null, '1', '2483');
INSERT INTO `attendance` VALUES ('2462', '8', null, '1', '2483');
INSERT INTO `attendance` VALUES ('2463', '11', null, '1', '2483');
INSERT INTO `attendance` VALUES ('2464', '14', null, '1', '2483');
INSERT INTO `attendance` VALUES ('2465', '17', null, '1', '2483');
INSERT INTO `attendance` VALUES ('2466', '20', null, '1', '2483');
INSERT INTO `attendance` VALUES ('2467', '23', null, '1', '2483');
INSERT INTO `attendance` VALUES ('2468', '26', null, '1', '2483');
INSERT INTO `attendance` VALUES ('2469', '29', null, '1', '2483');
INSERT INTO `attendance` VALUES ('2470', '32', null, '1', '2483');
INSERT INTO `attendance` VALUES ('2471', '35', null, '1', '2483');
INSERT INTO `attendance` VALUES ('2472', '38', 'Absent', '2', '2483');
INSERT INTO `attendance` VALUES ('2473', '41', null, '1', '2483');
INSERT INTO `attendance` VALUES ('2474', '44', null, '1', '2483');
INSERT INTO `attendance` VALUES ('2475', '47', null, '1', '2483');
INSERT INTO `attendance` VALUES ('2476', '50', 'Absent', '2', '2483');
INSERT INTO `attendance` VALUES ('2477', '53', 'Absent', '2', '2483');
INSERT INTO `attendance` VALUES ('2478', '56', 'Absent', '2', '2483');
INSERT INTO `attendance` VALUES ('2479', '59', null, '1', '2483');
INSERT INTO `attendance` VALUES ('2480', '2', null, '1', '2504');
INSERT INTO `attendance` VALUES ('2481', '5', null, '1', '2504');
INSERT INTO `attendance` VALUES ('2482', '8', null, '1', '2504');
INSERT INTO `attendance` VALUES ('2483', '11', null, '1', '2504');
INSERT INTO `attendance` VALUES ('2484', '14', null, '1', '2504');
INSERT INTO `attendance` VALUES ('2485', '17', null, '1', '2504');
INSERT INTO `attendance` VALUES ('2486', '20', null, '1', '2504');
INSERT INTO `attendance` VALUES ('2487', '23', 'Absent', '2', '2504');
INSERT INTO `attendance` VALUES ('2488', '26', null, '1', '2504');
INSERT INTO `attendance` VALUES ('2489', '29', null, '1', '2504');
INSERT INTO `attendance` VALUES ('2490', '32', null, '1', '2504');
INSERT INTO `attendance` VALUES ('2491', '35', 'Absent', '2', '2504');
INSERT INTO `attendance` VALUES ('2492', '38', 'Absent', '2', '2504');
INSERT INTO `attendance` VALUES ('2493', '41', 'Absent', '2', '2504');
INSERT INTO `attendance` VALUES ('2494', '44', 'Absent', '2', '2504');
INSERT INTO `attendance` VALUES ('2495', '47', null, '1', '2504');
INSERT INTO `attendance` VALUES ('2496', '50', null, '1', '2504');
INSERT INTO `attendance` VALUES ('2497', '53', 'Absent', '2', '2504');
INSERT INTO `attendance` VALUES ('2498', '56', null, '1', '2504');
INSERT INTO `attendance` VALUES ('2499', '59', null, '1', '2504');
INSERT INTO `attendance` VALUES ('2500', '2', null, '1', '2525');
INSERT INTO `attendance` VALUES ('2501', '5', null, '1', '2525');
INSERT INTO `attendance` VALUES ('2502', '8', 'Absent', '2', '2525');
INSERT INTO `attendance` VALUES ('2503', '11', null, '1', '2525');
INSERT INTO `attendance` VALUES ('2504', '14', null, '1', '2525');
INSERT INTO `attendance` VALUES ('2505', '17', 'Absent', '2', '2525');
INSERT INTO `attendance` VALUES ('2506', '20', null, '1', '2525');
INSERT INTO `attendance` VALUES ('2507', '23', null, '1', '2525');
INSERT INTO `attendance` VALUES ('2508', '26', 'Absent', '2', '2525');
INSERT INTO `attendance` VALUES ('2509', '29', null, '1', '2525');
INSERT INTO `attendance` VALUES ('2510', '32', null, '1', '2525');
INSERT INTO `attendance` VALUES ('2511', '35', null, '1', '2525');
INSERT INTO `attendance` VALUES ('2512', '38', null, '1', '2525');
INSERT INTO `attendance` VALUES ('2513', '41', null, '1', '2525');
INSERT INTO `attendance` VALUES ('2514', '44', 'Absent', '2', '2525');
INSERT INTO `attendance` VALUES ('2515', '47', null, '1', '2525');
INSERT INTO `attendance` VALUES ('2516', '50', null, '1', '2525');
INSERT INTO `attendance` VALUES ('2517', '53', 'Absent', '2', '2525');
INSERT INTO `attendance` VALUES ('2518', '56', null, '1', '2525');
INSERT INTO `attendance` VALUES ('2519', '59', null, '1', '2525');
INSERT INTO `attendance` VALUES ('2520', '2', 'Absent', '2', '2546');
INSERT INTO `attendance` VALUES ('2521', '5', null, '1', '2546');
INSERT INTO `attendance` VALUES ('2522', '8', null, '1', '2546');
INSERT INTO `attendance` VALUES ('2523', '11', 'Absent', '2', '2546');
INSERT INTO `attendance` VALUES ('2524', '14', 'Absent', '2', '2546');
INSERT INTO `attendance` VALUES ('2525', '17', null, '1', '2546');
INSERT INTO `attendance` VALUES ('2526', '20', null, '1', '2546');
INSERT INTO `attendance` VALUES ('2527', '23', null, '1', '2546');
INSERT INTO `attendance` VALUES ('2528', '26', null, '1', '2546');
INSERT INTO `attendance` VALUES ('2529', '29', null, '1', '2546');
INSERT INTO `attendance` VALUES ('2530', '32', null, '1', '2546');
INSERT INTO `attendance` VALUES ('2531', '35', null, '1', '2546');
INSERT INTO `attendance` VALUES ('2532', '38', null, '1', '2546');
INSERT INTO `attendance` VALUES ('2533', '41', null, '1', '2546');
INSERT INTO `attendance` VALUES ('2534', '44', 'Absent', '2', '2546');
INSERT INTO `attendance` VALUES ('2535', '47', null, '1', '2546');
INSERT INTO `attendance` VALUES ('2536', '50', 'Absent', '2', '2546');
INSERT INTO `attendance` VALUES ('2537', '53', null, '1', '2546');
INSERT INTO `attendance` VALUES ('2538', '56', null, '1', '2546');
INSERT INTO `attendance` VALUES ('2539', '59', 'Absent', '2', '2546');
INSERT INTO `attendance` VALUES ('2540', '2', 'Absent', '2', '2567');
INSERT INTO `attendance` VALUES ('2541', '5', null, '1', '2567');
INSERT INTO `attendance` VALUES ('2542', '8', 'Absent', '2', '2567');
INSERT INTO `attendance` VALUES ('2543', '11', null, '1', '2567');
INSERT INTO `attendance` VALUES ('2544', '14', null, '1', '2567');
INSERT INTO `attendance` VALUES ('2545', '17', null, '1', '2567');
INSERT INTO `attendance` VALUES ('2546', '20', null, '1', '2567');
INSERT INTO `attendance` VALUES ('2547', '23', 'Absent', '2', '2567');
INSERT INTO `attendance` VALUES ('2548', '26', 'Absent', '2', '2567');
INSERT INTO `attendance` VALUES ('2549', '29', null, '1', '2567');
INSERT INTO `attendance` VALUES ('2550', '32', null, '1', '2567');
INSERT INTO `attendance` VALUES ('2551', '35', null, '1', '2567');
INSERT INTO `attendance` VALUES ('2552', '38', null, '1', '2567');
INSERT INTO `attendance` VALUES ('2553', '41', null, '1', '2567');
INSERT INTO `attendance` VALUES ('2554', '44', null, '1', '2567');
INSERT INTO `attendance` VALUES ('2555', '47', null, '1', '2567');
INSERT INTO `attendance` VALUES ('2556', '50', null, '1', '2567');
INSERT INTO `attendance` VALUES ('2557', '53', 'Absent', '2', '2567');
INSERT INTO `attendance` VALUES ('2558', '56', 'Absent', '2', '2567');
INSERT INTO `attendance` VALUES ('2559', '59', 'Absent', '2', '2567');
INSERT INTO `attendance` VALUES ('2560', '2', 'Absent', '2', '2588');
INSERT INTO `attendance` VALUES ('2561', '5', null, '1', '2588');
INSERT INTO `attendance` VALUES ('2562', '8', null, '1', '2588');
INSERT INTO `attendance` VALUES ('2563', '11', null, '1', '2588');
INSERT INTO `attendance` VALUES ('2564', '14', null, '1', '2588');
INSERT INTO `attendance` VALUES ('2565', '17', 'Absent', '2', '2588');
INSERT INTO `attendance` VALUES ('2566', '20', null, '1', '2588');
INSERT INTO `attendance` VALUES ('2567', '23', 'Absent', '2', '2588');
INSERT INTO `attendance` VALUES ('2568', '26', null, '1', '2588');
INSERT INTO `attendance` VALUES ('2569', '29', null, '1', '2588');
INSERT INTO `attendance` VALUES ('2570', '32', null, '1', '2588');
INSERT INTO `attendance` VALUES ('2571', '35', 'Absent', '2', '2588');
INSERT INTO `attendance` VALUES ('2572', '38', null, '1', '2588');
INSERT INTO `attendance` VALUES ('2573', '41', null, '1', '2588');
INSERT INTO `attendance` VALUES ('2574', '44', 'Absent', '2', '2588');
INSERT INTO `attendance` VALUES ('2575', '47', null, '1', '2588');
INSERT INTO `attendance` VALUES ('2576', '50', null, '1', '2588');
INSERT INTO `attendance` VALUES ('2577', '53', null, '1', '2588');
INSERT INTO `attendance` VALUES ('2578', '56', 'Absent', '2', '2588');
INSERT INTO `attendance` VALUES ('2579', '59', null, '1', '2588');
INSERT INTO `attendance` VALUES ('2580', '2', null, '1', '2609');
INSERT INTO `attendance` VALUES ('2581', '5', null, '1', '2609');
INSERT INTO `attendance` VALUES ('2582', '8', null, '1', '2609');
INSERT INTO `attendance` VALUES ('2583', '11', null, '1', '2609');
INSERT INTO `attendance` VALUES ('2584', '14', 'Absent', '2', '2609');
INSERT INTO `attendance` VALUES ('2585', '17', null, '1', '2609');
INSERT INTO `attendance` VALUES ('2586', '20', null, '1', '2609');
INSERT INTO `attendance` VALUES ('2587', '23', null, '1', '2609');
INSERT INTO `attendance` VALUES ('2588', '26', 'Absent', '2', '2609');
INSERT INTO `attendance` VALUES ('2589', '29', null, '1', '2609');
INSERT INTO `attendance` VALUES ('2590', '32', null, '1', '2609');
INSERT INTO `attendance` VALUES ('2591', '35', 'Absent', '2', '2609');
INSERT INTO `attendance` VALUES ('2592', '38', null, '1', '2609');
INSERT INTO `attendance` VALUES ('2593', '41', 'Absent', '2', '2609');
INSERT INTO `attendance` VALUES ('2594', '44', null, '1', '2609');
INSERT INTO `attendance` VALUES ('2595', '47', null, '1', '2609');
INSERT INTO `attendance` VALUES ('2596', '50', 'Absent', '2', '2609');
INSERT INTO `attendance` VALUES ('2597', '53', null, '1', '2609');
INSERT INTO `attendance` VALUES ('2598', '56', 'Absent', '2', '2609');
INSERT INTO `attendance` VALUES ('2599', '59', null, '1', '2609');
INSERT INTO `attendance` VALUES ('2600', '2', 'Absent', '2', '2630');
INSERT INTO `attendance` VALUES ('2601', '5', 'Absent', '2', '2630');
INSERT INTO `attendance` VALUES ('2602', '8', 'Absent', '2', '2630');
INSERT INTO `attendance` VALUES ('2603', '11', null, '1', '2630');
INSERT INTO `attendance` VALUES ('2604', '14', 'Absent', '2', '2630');
INSERT INTO `attendance` VALUES ('2605', '17', null, '1', '2630');
INSERT INTO `attendance` VALUES ('2606', '20', null, '1', '2630');
INSERT INTO `attendance` VALUES ('2607', '23', null, '1', '2630');
INSERT INTO `attendance` VALUES ('2608', '26', null, '1', '2630');
INSERT INTO `attendance` VALUES ('2609', '29', 'Absent', '2', '2630');
INSERT INTO `attendance` VALUES ('2610', '32', null, '1', '2630');
INSERT INTO `attendance` VALUES ('2611', '35', null, '1', '2630');
INSERT INTO `attendance` VALUES ('2612', '38', 'Absent', '2', '2630');
INSERT INTO `attendance` VALUES ('2613', '41', 'Absent', '2', '2630');
INSERT INTO `attendance` VALUES ('2614', '44', null, '1', '2630');
INSERT INTO `attendance` VALUES ('2615', '47', null, '1', '2630');
INSERT INTO `attendance` VALUES ('2616', '50', null, '1', '2630');
INSERT INTO `attendance` VALUES ('2617', '53', null, '1', '2630');
INSERT INTO `attendance` VALUES ('2618', '56', null, '1', '2630');
INSERT INTO `attendance` VALUES ('2619', '59', 'Absent', '2', '2630');
INSERT INTO `attendance` VALUES ('2620', '2', null, '1', '2651');
INSERT INTO `attendance` VALUES ('2621', '5', null, '1', '2651');
INSERT INTO `attendance` VALUES ('2622', '8', null, '1', '2651');
INSERT INTO `attendance` VALUES ('2623', '11', 'Absent', '2', '2651');
INSERT INTO `attendance` VALUES ('2624', '14', null, '1', '2651');
INSERT INTO `attendance` VALUES ('2625', '17', null, '1', '2651');
INSERT INTO `attendance` VALUES ('2626', '20', 'Absent', '2', '2651');
INSERT INTO `attendance` VALUES ('2627', '23', null, '1', '2651');
INSERT INTO `attendance` VALUES ('2628', '26', null, '1', '2651');
INSERT INTO `attendance` VALUES ('2629', '29', 'Absent', '2', '2651');
INSERT INTO `attendance` VALUES ('2630', '32', 'Absent', '2', '2651');
INSERT INTO `attendance` VALUES ('2631', '35', null, '1', '2651');
INSERT INTO `attendance` VALUES ('2632', '38', 'Absent', '2', '2651');
INSERT INTO `attendance` VALUES ('2633', '41', null, '1', '2651');
INSERT INTO `attendance` VALUES ('2634', '44', null, '1', '2651');
INSERT INTO `attendance` VALUES ('2635', '47', 'Absent', '2', '2651');
INSERT INTO `attendance` VALUES ('2636', '50', null, '1', '2651');
INSERT INTO `attendance` VALUES ('2637', '53', 'Absent', '2', '2651');
INSERT INTO `attendance` VALUES ('2638', '56', null, '1', '2651');
INSERT INTO `attendance` VALUES ('2639', '59', null, '1', '2651');
INSERT INTO `attendance` VALUES ('2640', '2', 'Absent', '2', '2672');
INSERT INTO `attendance` VALUES ('2641', '5', null, '1', '2672');
INSERT INTO `attendance` VALUES ('2642', '8', null, '1', '2672');
INSERT INTO `attendance` VALUES ('2643', '11', null, '1', '2672');
INSERT INTO `attendance` VALUES ('2644', '14', null, '1', '2672');
INSERT INTO `attendance` VALUES ('2645', '17', 'Absent', '2', '2672');
INSERT INTO `attendance` VALUES ('2646', '20', null, '1', '2672');
INSERT INTO `attendance` VALUES ('2647', '23', null, '1', '2672');
INSERT INTO `attendance` VALUES ('2648', '26', 'Absent', '2', '2672');
INSERT INTO `attendance` VALUES ('2649', '29', null, '1', '2672');
INSERT INTO `attendance` VALUES ('2650', '32', null, '1', '2672');
INSERT INTO `attendance` VALUES ('2651', '35', null, '1', '2672');
INSERT INTO `attendance` VALUES ('2652', '38', null, '1', '2672');
INSERT INTO `attendance` VALUES ('2653', '41', null, '1', '2672');
INSERT INTO `attendance` VALUES ('2654', '44', 'Absent', '2', '2672');
INSERT INTO `attendance` VALUES ('2655', '47', null, '1', '2672');
INSERT INTO `attendance` VALUES ('2656', '50', null, '1', '2672');
INSERT INTO `attendance` VALUES ('2657', '53', null, '1', '2672');
INSERT INTO `attendance` VALUES ('2658', '56', null, '1', '2672');
INSERT INTO `attendance` VALUES ('2659', '59', 'Absent', '2', '2672');
INSERT INTO `attendance` VALUES ('2660', '2', null, '1', '2693');
INSERT INTO `attendance` VALUES ('2661', '5', 'Absent', '2', '2693');
INSERT INTO `attendance` VALUES ('2662', '8', null, '1', '2693');
INSERT INTO `attendance` VALUES ('2663', '11', null, '1', '2693');
INSERT INTO `attendance` VALUES ('2664', '14', null, '1', '2693');
INSERT INTO `attendance` VALUES ('2665', '17', null, '1', '2693');
INSERT INTO `attendance` VALUES ('2666', '20', null, '1', '2693');
INSERT INTO `attendance` VALUES ('2667', '23', null, '1', '2693');
INSERT INTO `attendance` VALUES ('2668', '26', null, '1', '2693');
INSERT INTO `attendance` VALUES ('2669', '29', 'Absent', '2', '2693');
INSERT INTO `attendance` VALUES ('2670', '32', null, '1', '2693');
INSERT INTO `attendance` VALUES ('2671', '35', 'Absent', '2', '2693');
INSERT INTO `attendance` VALUES ('2672', '38', null, '1', '2693');
INSERT INTO `attendance` VALUES ('2673', '41', null, '1', '2693');
INSERT INTO `attendance` VALUES ('2674', '44', null, '1', '2693');
INSERT INTO `attendance` VALUES ('2675', '47', 'Absent', '2', '2693');
INSERT INTO `attendance` VALUES ('2676', '50', 'Absent', '2', '2693');
INSERT INTO `attendance` VALUES ('2677', '53', null, '1', '2693');
INSERT INTO `attendance` VALUES ('2678', '56', null, '1', '2693');
INSERT INTO `attendance` VALUES ('2679', '59', null, '1', '2693');
INSERT INTO `attendance` VALUES ('2680', '2', null, '1', '2714');
INSERT INTO `attendance` VALUES ('2681', '5', 'Absent', '2', '2714');
INSERT INTO `attendance` VALUES ('2682', '8', null, '1', '2714');
INSERT INTO `attendance` VALUES ('2683', '11', 'Absent', '2', '2714');
INSERT INTO `attendance` VALUES ('2684', '14', null, '1', '2714');
INSERT INTO `attendance` VALUES ('2685', '17', null, '1', '2714');
INSERT INTO `attendance` VALUES ('2686', '20', null, '1', '2714');
INSERT INTO `attendance` VALUES ('2687', '23', null, '1', '2714');
INSERT INTO `attendance` VALUES ('2688', '26', null, '1', '2714');
INSERT INTO `attendance` VALUES ('2689', '29', null, '1', '2714');
INSERT INTO `attendance` VALUES ('2690', '32', null, '1', '2714');
INSERT INTO `attendance` VALUES ('2691', '35', 'Absent', '2', '2714');
INSERT INTO `attendance` VALUES ('2692', '38', null, '1', '2714');
INSERT INTO `attendance` VALUES ('2693', '41', null, '1', '2714');
INSERT INTO `attendance` VALUES ('2694', '44', null, '1', '2714');
INSERT INTO `attendance` VALUES ('2695', '47', 'Absent', '2', '2714');
INSERT INTO `attendance` VALUES ('2696', '50', 'Absent', '2', '2714');
INSERT INTO `attendance` VALUES ('2697', '53', null, '1', '2714');
INSERT INTO `attendance` VALUES ('2698', '56', null, '1', '2714');
INSERT INTO `attendance` VALUES ('2699', '59', null, '1', '2714');
INSERT INTO `attendance` VALUES ('2700', '2', null, '1', '2735');
INSERT INTO `attendance` VALUES ('2701', '5', 'Absent', '2', '2735');
INSERT INTO `attendance` VALUES ('2702', '8', null, '1', '2735');
INSERT INTO `attendance` VALUES ('2703', '11', 'Absent', '2', '2735');
INSERT INTO `attendance` VALUES ('2704', '14', 'Absent', '2', '2735');
INSERT INTO `attendance` VALUES ('2705', '17', 'Absent', '2', '2735');
INSERT INTO `attendance` VALUES ('2706', '20', null, '1', '2735');
INSERT INTO `attendance` VALUES ('2707', '23', null, '1', '2735');
INSERT INTO `attendance` VALUES ('2708', '26', null, '1', '2735');
INSERT INTO `attendance` VALUES ('2709', '29', null, '1', '2735');
INSERT INTO `attendance` VALUES ('2710', '32', 'Absent', '2', '2735');
INSERT INTO `attendance` VALUES ('2711', '35', 'Absent', '2', '2735');
INSERT INTO `attendance` VALUES ('2712', '38', null, '1', '2735');
INSERT INTO `attendance` VALUES ('2713', '41', null, '1', '2735');
INSERT INTO `attendance` VALUES ('2714', '44', 'Absent', '2', '2735');
INSERT INTO `attendance` VALUES ('2715', '47', 'Absent', '2', '2735');
INSERT INTO `attendance` VALUES ('2716', '50', 'Absent', '2', '2735');
INSERT INTO `attendance` VALUES ('2717', '53', null, '1', '2735');
INSERT INTO `attendance` VALUES ('2718', '56', null, '1', '2735');
INSERT INTO `attendance` VALUES ('2719', '59', null, '1', '2735');
INSERT INTO `attendance` VALUES ('2720', '2', 'Absent', '2', '2756');
INSERT INTO `attendance` VALUES ('2721', '5', 'Absent', '2', '2756');
INSERT INTO `attendance` VALUES ('2722', '8', null, '1', '2756');
INSERT INTO `attendance` VALUES ('2723', '11', null, '1', '2756');
INSERT INTO `attendance` VALUES ('2724', '14', null, '1', '2756');
INSERT INTO `attendance` VALUES ('2725', '17', null, '1', '2756');
INSERT INTO `attendance` VALUES ('2726', '20', 'Absent', '2', '2756');
INSERT INTO `attendance` VALUES ('2727', '23', 'Absent', '2', '2756');
INSERT INTO `attendance` VALUES ('2728', '26', null, '1', '2756');
INSERT INTO `attendance` VALUES ('2729', '29', null, '1', '2756');
INSERT INTO `attendance` VALUES ('2730', '32', null, '1', '2756');
INSERT INTO `attendance` VALUES ('2731', '35', null, '1', '2756');
INSERT INTO `attendance` VALUES ('2732', '38', null, '1', '2756');
INSERT INTO `attendance` VALUES ('2733', '41', null, '1', '2756');
INSERT INTO `attendance` VALUES ('2734', '44', null, '1', '2756');
INSERT INTO `attendance` VALUES ('2735', '47', 'Absent', '2', '2756');
INSERT INTO `attendance` VALUES ('2736', '50', null, '1', '2756');
INSERT INTO `attendance` VALUES ('2737', '53', 'Absent', '2', '2756');
INSERT INTO `attendance` VALUES ('2738', '56', null, '1', '2756');
INSERT INTO `attendance` VALUES ('2739', '59', null, '1', '2756');
INSERT INTO `attendance` VALUES ('2740', '2', null, '1', '2777');
INSERT INTO `attendance` VALUES ('2741', '5', 'Absent', '2', '2777');
INSERT INTO `attendance` VALUES ('2742', '8', null, '1', '2777');
INSERT INTO `attendance` VALUES ('2743', '11', 'Absent', '2', '2777');
INSERT INTO `attendance` VALUES ('2744', '14', null, '1', '2777');
INSERT INTO `attendance` VALUES ('2745', '17', null, '1', '2777');
INSERT INTO `attendance` VALUES ('2746', '20', null, '1', '2777');
INSERT INTO `attendance` VALUES ('2747', '23', null, '1', '2777');
INSERT INTO `attendance` VALUES ('2748', '26', 'Absent', '2', '2777');
INSERT INTO `attendance` VALUES ('2749', '29', 'Absent', '2', '2777');
INSERT INTO `attendance` VALUES ('2750', '32', 'Absent', '2', '2777');
INSERT INTO `attendance` VALUES ('2751', '35', null, '1', '2777');
INSERT INTO `attendance` VALUES ('2752', '38', null, '1', '2777');
INSERT INTO `attendance` VALUES ('2753', '41', null, '1', '2777');
INSERT INTO `attendance` VALUES ('2754', '44', null, '1', '2777');
INSERT INTO `attendance` VALUES ('2755', '47', null, '1', '2777');
INSERT INTO `attendance` VALUES ('2756', '50', null, '1', '2777');
INSERT INTO `attendance` VALUES ('2757', '53', 'Absent', '2', '2777');
INSERT INTO `attendance` VALUES ('2758', '56', null, '1', '2777');
INSERT INTO `attendance` VALUES ('2759', '59', null, '1', '2777');
INSERT INTO `attendance` VALUES ('2760', '2', null, '1', '2798');
INSERT INTO `attendance` VALUES ('2761', '5', null, '1', '2798');
INSERT INTO `attendance` VALUES ('2762', '8', 'Absent', '2', '2798');
INSERT INTO `attendance` VALUES ('2763', '11', 'Absent', '2', '2798');
INSERT INTO `attendance` VALUES ('2764', '14', null, '1', '2798');
INSERT INTO `attendance` VALUES ('2765', '17', null, '1', '2798');
INSERT INTO `attendance` VALUES ('2766', '20', null, '1', '2798');
INSERT INTO `attendance` VALUES ('2767', '23', 'Absent', '2', '2798');
INSERT INTO `attendance` VALUES ('2768', '26', null, '1', '2798');
INSERT INTO `attendance` VALUES ('2769', '29', 'Absent', '2', '2798');
INSERT INTO `attendance` VALUES ('2770', '32', 'Absent', '2', '2798');
INSERT INTO `attendance` VALUES ('2771', '35', null, '1', '2798');
INSERT INTO `attendance` VALUES ('2772', '38', null, '1', '2798');
INSERT INTO `attendance` VALUES ('2773', '41', 'Absent', '2', '2798');
INSERT INTO `attendance` VALUES ('2774', '44', null, '1', '2798');
INSERT INTO `attendance` VALUES ('2775', '47', null, '1', '2798');
INSERT INTO `attendance` VALUES ('2776', '50', 'Absent', '2', '2798');
INSERT INTO `attendance` VALUES ('2777', '53', null, '1', '2798');
INSERT INTO `attendance` VALUES ('2778', '56', 'Absent', '2', '2798');
INSERT INTO `attendance` VALUES ('2779', '59', null, '1', '2798');
INSERT INTO `attendance` VALUES ('2780', '2', 'Absent', '2', '2819');
INSERT INTO `attendance` VALUES ('2781', '5', null, '1', '2819');
INSERT INTO `attendance` VALUES ('2782', '8', null, '1', '2819');
INSERT INTO `attendance` VALUES ('2783', '11', null, '1', '2819');
INSERT INTO `attendance` VALUES ('2784', '14', null, '1', '2819');
INSERT INTO `attendance` VALUES ('2785', '17', 'Absent', '2', '2819');
INSERT INTO `attendance` VALUES ('2786', '20', null, '1', '2819');
INSERT INTO `attendance` VALUES ('2787', '23', null, '1', '2819');
INSERT INTO `attendance` VALUES ('2788', '26', null, '1', '2819');
INSERT INTO `attendance` VALUES ('2789', '29', 'Absent', '2', '2819');
INSERT INTO `attendance` VALUES ('2790', '32', null, '1', '2819');
INSERT INTO `attendance` VALUES ('2791', '35', null, '1', '2819');
INSERT INTO `attendance` VALUES ('2792', '38', null, '1', '2819');
INSERT INTO `attendance` VALUES ('2793', '41', 'Absent', '2', '2819');
INSERT INTO `attendance` VALUES ('2794', '44', null, '1', '2819');
INSERT INTO `attendance` VALUES ('2795', '47', null, '1', '2819');
INSERT INTO `attendance` VALUES ('2796', '50', null, '1', '2819');
INSERT INTO `attendance` VALUES ('2797', '53', null, '1', '2819');
INSERT INTO `attendance` VALUES ('2798', '56', 'Absent', '2', '2819');
INSERT INTO `attendance` VALUES ('2799', '59', 'Absent', '2', '2819');
INSERT INTO `attendance` VALUES ('2800', '2', 'Absent', '2', '2840');
INSERT INTO `attendance` VALUES ('2801', '5', null, '1', '2840');
INSERT INTO `attendance` VALUES ('2802', '8', null, '1', '2840');
INSERT INTO `attendance` VALUES ('2803', '11', null, '1', '2840');
INSERT INTO `attendance` VALUES ('2804', '14', null, '1', '2840');
INSERT INTO `attendance` VALUES ('2805', '17', null, '1', '2840');
INSERT INTO `attendance` VALUES ('2806', '20', null, '1', '2840');
INSERT INTO `attendance` VALUES ('2807', '23', null, '1', '2840');
INSERT INTO `attendance` VALUES ('2808', '26', null, '1', '2840');
INSERT INTO `attendance` VALUES ('2809', '29', null, '1', '2840');
INSERT INTO `attendance` VALUES ('2810', '32', null, '1', '2840');
INSERT INTO `attendance` VALUES ('2811', '35', 'Absent', '2', '2840');
INSERT INTO `attendance` VALUES ('2812', '38', null, '1', '2840');
INSERT INTO `attendance` VALUES ('2813', '41', 'Absent', '2', '2840');
INSERT INTO `attendance` VALUES ('2814', '44', 'Absent', '2', '2840');
INSERT INTO `attendance` VALUES ('2815', '47', 'Absent', '2', '2840');
INSERT INTO `attendance` VALUES ('2816', '50', null, '1', '2840');
INSERT INTO `attendance` VALUES ('2817', '53', null, '1', '2840');
INSERT INTO `attendance` VALUES ('2818', '56', null, '1', '2840');
INSERT INTO `attendance` VALUES ('2819', '59', null, '1', '2840');
INSERT INTO `attendance` VALUES ('2820', '2', null, '1', '2861');
INSERT INTO `attendance` VALUES ('2821', '5', 'Absent', '2', '2861');
INSERT INTO `attendance` VALUES ('2822', '8', null, '1', '2861');
INSERT INTO `attendance` VALUES ('2823', '11', null, '1', '2861');
INSERT INTO `attendance` VALUES ('2824', '14', null, '1', '2861');
INSERT INTO `attendance` VALUES ('2825', '17', null, '1', '2861');
INSERT INTO `attendance` VALUES ('2826', '20', null, '1', '2861');
INSERT INTO `attendance` VALUES ('2827', '23', null, '1', '2861');
INSERT INTO `attendance` VALUES ('2828', '26', null, '1', '2861');
INSERT INTO `attendance` VALUES ('2829', '29', null, '1', '2861');
INSERT INTO `attendance` VALUES ('2830', '32', null, '1', '2861');
INSERT INTO `attendance` VALUES ('2831', '35', 'Absent', '2', '2861');
INSERT INTO `attendance` VALUES ('2832', '38', 'Absent', '2', '2861');
INSERT INTO `attendance` VALUES ('2833', '41', null, '1', '2861');
INSERT INTO `attendance` VALUES ('2834', '44', 'Absent', '2', '2861');
INSERT INTO `attendance` VALUES ('2835', '47', null, '1', '2861');
INSERT INTO `attendance` VALUES ('2836', '50', null, '1', '2861');
INSERT INTO `attendance` VALUES ('2837', '53', null, '1', '2861');
INSERT INTO `attendance` VALUES ('2838', '56', null, '1', '2861');
INSERT INTO `attendance` VALUES ('2839', '59', null, '1', '2861');
INSERT INTO `attendance` VALUES ('2840', '2', 'Absent', '2', '2882');
INSERT INTO `attendance` VALUES ('2841', '5', null, '1', '2882');
INSERT INTO `attendance` VALUES ('2842', '8', null, '1', '2882');
INSERT INTO `attendance` VALUES ('2843', '11', null, '1', '2882');
INSERT INTO `attendance` VALUES ('2844', '14', 'Absent', '2', '2882');
INSERT INTO `attendance` VALUES ('2845', '17', 'Absent', '2', '2882');
INSERT INTO `attendance` VALUES ('2846', '20', null, '1', '2882');
INSERT INTO `attendance` VALUES ('2847', '23', 'Absent', '2', '2882');
INSERT INTO `attendance` VALUES ('2848', '26', null, '1', '2882');
INSERT INTO `attendance` VALUES ('2849', '29', null, '1', '2882');
INSERT INTO `attendance` VALUES ('2850', '32', null, '1', '2882');
INSERT INTO `attendance` VALUES ('2851', '35', null, '1', '2882');
INSERT INTO `attendance` VALUES ('2852', '38', null, '1', '2882');
INSERT INTO `attendance` VALUES ('2853', '41', null, '1', '2882');
INSERT INTO `attendance` VALUES ('2854', '44', null, '1', '2882');
INSERT INTO `attendance` VALUES ('2855', '47', null, '1', '2882');
INSERT INTO `attendance` VALUES ('2856', '50', null, '1', '2882');
INSERT INTO `attendance` VALUES ('2857', '53', null, '1', '2882');
INSERT INTO `attendance` VALUES ('2858', '56', null, '1', '2882');
INSERT INTO `attendance` VALUES ('2859', '59', null, '1', '2882');
INSERT INTO `attendance` VALUES ('2860', '2', 'Absent', '2', '2903');
INSERT INTO `attendance` VALUES ('2861', '5', 'Absent', '2', '2903');
INSERT INTO `attendance` VALUES ('2862', '8', null, '1', '2903');
INSERT INTO `attendance` VALUES ('2863', '11', 'Absent', '2', '2903');
INSERT INTO `attendance` VALUES ('2864', '14', null, '1', '2903');
INSERT INTO `attendance` VALUES ('2865', '17', null, '1', '2903');
INSERT INTO `attendance` VALUES ('2866', '20', null, '1', '2903');
INSERT INTO `attendance` VALUES ('2867', '23', null, '1', '2903');
INSERT INTO `attendance` VALUES ('2868', '26', 'Absent', '2', '2903');
INSERT INTO `attendance` VALUES ('2869', '29', null, '1', '2903');
INSERT INTO `attendance` VALUES ('2870', '32', null, '1', '2903');
INSERT INTO `attendance` VALUES ('2871', '35', null, '1', '2903');
INSERT INTO `attendance` VALUES ('2872', '38', null, '1', '2903');
INSERT INTO `attendance` VALUES ('2873', '41', null, '1', '2903');
INSERT INTO `attendance` VALUES ('2874', '44', null, '1', '2903');
INSERT INTO `attendance` VALUES ('2875', '47', null, '1', '2903');
INSERT INTO `attendance` VALUES ('2876', '50', null, '1', '2903');
INSERT INTO `attendance` VALUES ('2877', '53', null, '1', '2903');
INSERT INTO `attendance` VALUES ('2878', '56', 'Absent', '2', '2903');
INSERT INTO `attendance` VALUES ('2879', '59', 'Absent', '2', '2903');
INSERT INTO `attendance` VALUES ('2880', '2', null, '1', '2924');
INSERT INTO `attendance` VALUES ('2881', '5', null, '1', '2924');
INSERT INTO `attendance` VALUES ('2882', '8', null, '1', '2924');
INSERT INTO `attendance` VALUES ('2883', '11', 'Absent', '2', '2924');
INSERT INTO `attendance` VALUES ('2884', '14', 'Absent', '2', '2924');
INSERT INTO `attendance` VALUES ('2885', '17', null, '1', '2924');
INSERT INTO `attendance` VALUES ('2886', '20', null, '1', '2924');
INSERT INTO `attendance` VALUES ('2887', '23', 'Absent', '2', '2924');
INSERT INTO `attendance` VALUES ('2888', '26', 'Absent', '2', '2924');
INSERT INTO `attendance` VALUES ('2889', '29', null, '1', '2924');
INSERT INTO `attendance` VALUES ('2890', '32', null, '1', '2924');
INSERT INTO `attendance` VALUES ('2891', '35', null, '1', '2924');
INSERT INTO `attendance` VALUES ('2892', '38', null, '1', '2924');
INSERT INTO `attendance` VALUES ('2893', '41', 'Absent', '2', '2924');
INSERT INTO `attendance` VALUES ('2894', '44', null, '1', '2924');
INSERT INTO `attendance` VALUES ('2895', '47', null, '1', '2924');
INSERT INTO `attendance` VALUES ('2896', '50', null, '1', '2924');
INSERT INTO `attendance` VALUES ('2897', '53', null, '1', '2924');
INSERT INTO `attendance` VALUES ('2898', '56', null, '1', '2924');
INSERT INTO `attendance` VALUES ('2899', '59', 'Absent', '2', '2924');
INSERT INTO `attendance` VALUES ('3000', '3', null, '1', '3000');
INSERT INTO `attendance` VALUES ('3001', '6', null, '1', '3000');
INSERT INTO `attendance` VALUES ('3002', '9', null, '1', '3000');
INSERT INTO `attendance` VALUES ('3003', '12', null, '1', '3000');
INSERT INTO `attendance` VALUES ('3004', '15', null, '1', '3000');
INSERT INTO `attendance` VALUES ('3005', '18', null, '1', '3000');
INSERT INTO `attendance` VALUES ('3006', '21', 'Absent', '2', '3000');
INSERT INTO `attendance` VALUES ('3007', '24', null, '1', '3000');
INSERT INTO `attendance` VALUES ('3008', '27', 'Absent', '2', '3000');
INSERT INTO `attendance` VALUES ('3009', '30', null, '1', '3000');
INSERT INTO `attendance` VALUES ('3010', '33', null, '1', '3000');
INSERT INTO `attendance` VALUES ('3011', '36', null, '1', '3000');
INSERT INTO `attendance` VALUES ('3012', '39', null, '1', '3000');
INSERT INTO `attendance` VALUES ('3013', '42', 'Absent', '2', '3000');
INSERT INTO `attendance` VALUES ('3014', '45', null, '1', '3000');
INSERT INTO `attendance` VALUES ('3015', '48', null, '1', '3000');
INSERT INTO `attendance` VALUES ('3016', '51', null, '1', '3000');
INSERT INTO `attendance` VALUES ('3017', '54', null, '1', '3000');
INSERT INTO `attendance` VALUES ('3018', '57', null, '1', '3000');
INSERT INTO `attendance` VALUES ('3019', '60', null, '1', '3000');
INSERT INTO `attendance` VALUES ('3020', '3', null, '1', '3021');
INSERT INTO `attendance` VALUES ('3021', '6', null, '1', '3021');
INSERT INTO `attendance` VALUES ('3022', '9', 'Absent', '2', '3021');
INSERT INTO `attendance` VALUES ('3023', '12', null, '1', '3021');
INSERT INTO `attendance` VALUES ('3024', '15', null, '1', '3021');
INSERT INTO `attendance` VALUES ('3025', '18', null, '1', '3021');
INSERT INTO `attendance` VALUES ('3026', '21', 'Absent', '2', '3021');
INSERT INTO `attendance` VALUES ('3027', '24', 'Absent', '2', '3021');
INSERT INTO `attendance` VALUES ('3028', '27', null, '1', '3021');
INSERT INTO `attendance` VALUES ('3029', '30', null, '1', '3021');
INSERT INTO `attendance` VALUES ('3030', '33', 'Absent', '2', '3021');
INSERT INTO `attendance` VALUES ('3031', '36', 'Absent', '2', '3021');
INSERT INTO `attendance` VALUES ('3032', '39', null, '1', '3021');
INSERT INTO `attendance` VALUES ('3033', '42', 'Absent', '2', '3021');
INSERT INTO `attendance` VALUES ('3034', '45', null, '1', '3021');
INSERT INTO `attendance` VALUES ('3035', '48', null, '1', '3021');
INSERT INTO `attendance` VALUES ('3036', '51', null, '1', '3021');
INSERT INTO `attendance` VALUES ('3037', '54', null, '1', '3021');
INSERT INTO `attendance` VALUES ('3038', '57', null, '1', '3021');
INSERT INTO `attendance` VALUES ('3039', '60', 'Absent', '2', '3021');
INSERT INTO `attendance` VALUES ('3040', '3', 'Absent', '2', '3042');
INSERT INTO `attendance` VALUES ('3041', '6', 'Absent', '2', '3042');
INSERT INTO `attendance` VALUES ('3042', '9', 'Absent', '2', '3042');
INSERT INTO `attendance` VALUES ('3043', '12', null, '1', '3042');
INSERT INTO `attendance` VALUES ('3044', '15', null, '1', '3042');
INSERT INTO `attendance` VALUES ('3045', '18', null, '1', '3042');
INSERT INTO `attendance` VALUES ('3046', '21', 'Absent', '2', '3042');
INSERT INTO `attendance` VALUES ('3047', '24', null, '1', '3042');
INSERT INTO `attendance` VALUES ('3048', '27', null, '1', '3042');
INSERT INTO `attendance` VALUES ('3049', '30', null, '1', '3042');
INSERT INTO `attendance` VALUES ('3050', '33', null, '1', '3042');
INSERT INTO `attendance` VALUES ('3051', '36', null, '1', '3042');
INSERT INTO `attendance` VALUES ('3052', '39', 'Absent', '2', '3042');
INSERT INTO `attendance` VALUES ('3053', '42', 'Absent', '2', '3042');
INSERT INTO `attendance` VALUES ('3054', '45', null, '1', '3042');
INSERT INTO `attendance` VALUES ('3055', '48', null, '1', '3042');
INSERT INTO `attendance` VALUES ('3056', '51', 'Absent', '2', '3042');
INSERT INTO `attendance` VALUES ('3057', '54', 'Absent', '2', '3042');
INSERT INTO `attendance` VALUES ('3058', '57', 'Absent', '2', '3042');
INSERT INTO `attendance` VALUES ('3059', '60', null, '1', '3042');
INSERT INTO `attendance` VALUES ('3060', '3', null, '1', '3063');
INSERT INTO `attendance` VALUES ('3061', '6', null, '1', '3063');
INSERT INTO `attendance` VALUES ('3062', '9', null, '1', '3063');
INSERT INTO `attendance` VALUES ('3063', '12', null, '1', '3063');
INSERT INTO `attendance` VALUES ('3064', '15', null, '1', '3063');
INSERT INTO `attendance` VALUES ('3065', '18', null, '1', '3063');
INSERT INTO `attendance` VALUES ('3066', '21', null, '1', '3063');
INSERT INTO `attendance` VALUES ('3067', '24', 'Absent', '2', '3063');
INSERT INTO `attendance` VALUES ('3068', '27', 'Absent', '2', '3063');
INSERT INTO `attendance` VALUES ('3069', '30', null, '1', '3063');
INSERT INTO `attendance` VALUES ('3070', '33', 'Absent', '2', '3063');
INSERT INTO `attendance` VALUES ('3071', '36', null, '1', '3063');
INSERT INTO `attendance` VALUES ('3072', '39', null, '1', '3063');
INSERT INTO `attendance` VALUES ('3073', '42', 'Absent', '2', '3063');
INSERT INTO `attendance` VALUES ('3074', '45', 'Absent', '2', '3063');
INSERT INTO `attendance` VALUES ('3075', '48', null, '1', '3063');
INSERT INTO `attendance` VALUES ('3076', '51', null, '1', '3063');
INSERT INTO `attendance` VALUES ('3077', '54', null, '1', '3063');
INSERT INTO `attendance` VALUES ('3078', '57', null, '1', '3063');
INSERT INTO `attendance` VALUES ('3079', '60', null, '1', '3063');
INSERT INTO `attendance` VALUES ('3080', '3', 'Absent', '2', '3084');
INSERT INTO `attendance` VALUES ('3081', '6', 'Absent', '2', '3084');
INSERT INTO `attendance` VALUES ('3082', '9', 'Absent', '2', '3084');
INSERT INTO `attendance` VALUES ('3083', '12', 'Absent', '2', '3084');
INSERT INTO `attendance` VALUES ('3084', '15', null, '1', '3084');
INSERT INTO `attendance` VALUES ('3085', '18', null, '1', '3084');
INSERT INTO `attendance` VALUES ('3086', '21', null, '1', '3084');
INSERT INTO `attendance` VALUES ('3087', '24', null, '1', '3084');
INSERT INTO `attendance` VALUES ('3088', '27', null, '1', '3084');
INSERT INTO `attendance` VALUES ('3089', '30', null, '1', '3084');
INSERT INTO `attendance` VALUES ('3090', '33', null, '1', '3084');
INSERT INTO `attendance` VALUES ('3091', '36', null, '1', '3084');
INSERT INTO `attendance` VALUES ('3092', '39', null, '1', '3084');
INSERT INTO `attendance` VALUES ('3093', '42', null, '1', '3084');
INSERT INTO `attendance` VALUES ('3094', '45', 'Absent', '2', '3084');
INSERT INTO `attendance` VALUES ('3095', '48', 'Absent', '2', '3084');
INSERT INTO `attendance` VALUES ('3096', '51', null, '1', '3084');
INSERT INTO `attendance` VALUES ('3097', '54', 'Absent', '2', '3084');
INSERT INTO `attendance` VALUES ('3098', '57', 'Absent', '2', '3084');
INSERT INTO `attendance` VALUES ('3099', '60', null, '1', '3084');
INSERT INTO `attendance` VALUES ('3100', '3', 'Absent', '2', '3105');
INSERT INTO `attendance` VALUES ('3101', '6', 'Absent', '2', '3105');
INSERT INTO `attendance` VALUES ('3102', '9', 'Absent', '2', '3105');
INSERT INTO `attendance` VALUES ('3103', '12', 'Absent', '2', '3105');
INSERT INTO `attendance` VALUES ('3104', '15', null, '1', '3105');
INSERT INTO `attendance` VALUES ('3105', '18', 'Absent', '2', '3105');
INSERT INTO `attendance` VALUES ('3106', '21', null, '1', '3105');
INSERT INTO `attendance` VALUES ('3107', '24', null, '1', '3105');
INSERT INTO `attendance` VALUES ('3108', '27', null, '1', '3105');
INSERT INTO `attendance` VALUES ('3109', '30', null, '1', '3105');
INSERT INTO `attendance` VALUES ('3110', '33', null, '1', '3105');
INSERT INTO `attendance` VALUES ('3111', '36', 'Absent', '2', '3105');
INSERT INTO `attendance` VALUES ('3112', '39', null, '1', '3105');
INSERT INTO `attendance` VALUES ('3113', '42', null, '1', '3105');
INSERT INTO `attendance` VALUES ('3114', '45', null, '1', '3105');
INSERT INTO `attendance` VALUES ('3115', '48', null, '1', '3105');
INSERT INTO `attendance` VALUES ('3116', '51', 'Absent', '2', '3105');
INSERT INTO `attendance` VALUES ('3117', '54', 'Absent', '2', '3105');
INSERT INTO `attendance` VALUES ('3118', '57', 'Absent', '2', '3105');
INSERT INTO `attendance` VALUES ('3119', '60', null, '1', '3105');
INSERT INTO `attendance` VALUES ('3120', '3', null, '1', '3126');
INSERT INTO `attendance` VALUES ('3121', '6', 'Absent', '2', '3126');
INSERT INTO `attendance` VALUES ('3122', '9', null, '1', '3126');
INSERT INTO `attendance` VALUES ('3123', '12', null, '1', '3126');
INSERT INTO `attendance` VALUES ('3124', '15', 'Absent', '2', '3126');
INSERT INTO `attendance` VALUES ('3125', '18', 'Absent', '2', '3126');
INSERT INTO `attendance` VALUES ('3126', '21', null, '1', '3126');
INSERT INTO `attendance` VALUES ('3127', '24', null, '1', '3126');
INSERT INTO `attendance` VALUES ('3128', '27', null, '1', '3126');
INSERT INTO `attendance` VALUES ('3129', '30', null, '1', '3126');
INSERT INTO `attendance` VALUES ('3130', '33', null, '1', '3126');
INSERT INTO `attendance` VALUES ('3131', '36', 'Absent', '2', '3126');
INSERT INTO `attendance` VALUES ('3132', '39', null, '1', '3126');
INSERT INTO `attendance` VALUES ('3133', '42', null, '1', '3126');
INSERT INTO `attendance` VALUES ('3134', '45', 'Absent', '2', '3126');
INSERT INTO `attendance` VALUES ('3135', '48', 'Absent', '2', '3126');
INSERT INTO `attendance` VALUES ('3136', '51', null, '1', '3126');
INSERT INTO `attendance` VALUES ('3137', '54', null, '1', '3126');
INSERT INTO `attendance` VALUES ('3138', '57', null, '1', '3126');
INSERT INTO `attendance` VALUES ('3139', '60', null, '1', '3126');
INSERT INTO `attendance` VALUES ('3140', '3', null, '1', '3147');
INSERT INTO `attendance` VALUES ('3141', '6', null, '1', '3147');
INSERT INTO `attendance` VALUES ('3142', '9', null, '1', '3147');
INSERT INTO `attendance` VALUES ('3143', '12', null, '1', '3147');
INSERT INTO `attendance` VALUES ('3144', '15', null, '1', '3147');
INSERT INTO `attendance` VALUES ('3145', '18', null, '1', '3147');
INSERT INTO `attendance` VALUES ('3146', '21', 'Absent', '2', '3147');
INSERT INTO `attendance` VALUES ('3147', '24', 'Absent', '2', '3147');
INSERT INTO `attendance` VALUES ('3148', '27', null, '1', '3147');
INSERT INTO `attendance` VALUES ('3149', '30', null, '1', '3147');
INSERT INTO `attendance` VALUES ('3150', '33', null, '1', '3147');
INSERT INTO `attendance` VALUES ('3151', '36', 'Absent', '2', '3147');
INSERT INTO `attendance` VALUES ('3152', '39', null, '1', '3147');
INSERT INTO `attendance` VALUES ('3153', '42', null, '1', '3147');
INSERT INTO `attendance` VALUES ('3154', '45', null, '1', '3147');
INSERT INTO `attendance` VALUES ('3155', '48', null, '1', '3147');
INSERT INTO `attendance` VALUES ('3156', '51', null, '1', '3147');
INSERT INTO `attendance` VALUES ('3157', '54', null, '1', '3147');
INSERT INTO `attendance` VALUES ('3158', '57', null, '1', '3147');
INSERT INTO `attendance` VALUES ('3159', '60', 'Absent', '2', '3147');
INSERT INTO `attendance` VALUES ('3160', '3', null, '1', '3168');
INSERT INTO `attendance` VALUES ('3161', '6', 'Absent', '2', '3168');
INSERT INTO `attendance` VALUES ('3162', '9', null, '1', '3168');
INSERT INTO `attendance` VALUES ('3163', '12', null, '1', '3168');
INSERT INTO `attendance` VALUES ('3164', '15', null, '1', '3168');
INSERT INTO `attendance` VALUES ('3165', '18', null, '1', '3168');
INSERT INTO `attendance` VALUES ('3166', '21', null, '1', '3168');
INSERT INTO `attendance` VALUES ('3167', '24', null, '1', '3168');
INSERT INTO `attendance` VALUES ('3168', '27', null, '1', '3168');
INSERT INTO `attendance` VALUES ('3169', '30', null, '1', '3168');
INSERT INTO `attendance` VALUES ('3170', '33', null, '1', '3168');
INSERT INTO `attendance` VALUES ('3171', '36', null, '1', '3168');
INSERT INTO `attendance` VALUES ('3172', '39', 'Absent', '2', '3168');
INSERT INTO `attendance` VALUES ('3173', '42', null, '1', '3168');
INSERT INTO `attendance` VALUES ('3174', '45', null, '1', '3168');
INSERT INTO `attendance` VALUES ('3175', '48', 'Absent', '2', '3168');
INSERT INTO `attendance` VALUES ('3176', '51', null, '1', '3168');
INSERT INTO `attendance` VALUES ('3177', '54', null, '1', '3168');
INSERT INTO `attendance` VALUES ('3178', '57', null, '1', '3168');
INSERT INTO `attendance` VALUES ('3179', '60', null, '1', '3168');
INSERT INTO `attendance` VALUES ('3180', '3', 'Absent', '2', '3189');
INSERT INTO `attendance` VALUES ('3181', '6', 'Absent', '2', '3189');
INSERT INTO `attendance` VALUES ('3182', '9', 'Absent', '2', '3189');
INSERT INTO `attendance` VALUES ('3183', '12', null, '1', '3189');
INSERT INTO `attendance` VALUES ('3184', '15', 'Absent', '2', '3189');
INSERT INTO `attendance` VALUES ('3185', '18', 'Absent', '2', '3189');
INSERT INTO `attendance` VALUES ('3186', '21', null, '1', '3189');
INSERT INTO `attendance` VALUES ('3187', '24', 'Absent', '2', '3189');
INSERT INTO `attendance` VALUES ('3188', '27', null, '1', '3189');
INSERT INTO `attendance` VALUES ('3189', '30', null, '1', '3189');
INSERT INTO `attendance` VALUES ('3190', '33', 'Absent', '2', '3189');
INSERT INTO `attendance` VALUES ('3191', '36', 'Absent', '2', '3189');
INSERT INTO `attendance` VALUES ('3192', '39', null, '1', '3189');
INSERT INTO `attendance` VALUES ('3193', '42', null, '1', '3189');
INSERT INTO `attendance` VALUES ('3194', '45', null, '1', '3189');
INSERT INTO `attendance` VALUES ('3195', '48', null, '1', '3189');
INSERT INTO `attendance` VALUES ('3196', '51', null, '1', '3189');
INSERT INTO `attendance` VALUES ('3197', '54', null, '1', '3189');
INSERT INTO `attendance` VALUES ('3198', '57', null, '1', '3189');
INSERT INTO `attendance` VALUES ('3199', '60', null, '1', '3189');
INSERT INTO `attendance` VALUES ('3200', '3', null, '1', '3210');
INSERT INTO `attendance` VALUES ('3201', '6', null, '1', '3210');
INSERT INTO `attendance` VALUES ('3202', '9', null, '1', '3210');
INSERT INTO `attendance` VALUES ('3203', '12', 'Absent', '2', '3210');
INSERT INTO `attendance` VALUES ('3204', '15', null, '1', '3210');
INSERT INTO `attendance` VALUES ('3205', '18', 'Absent', '2', '3210');
INSERT INTO `attendance` VALUES ('3206', '21', null, '1', '3210');
INSERT INTO `attendance` VALUES ('3207', '24', null, '1', '3210');
INSERT INTO `attendance` VALUES ('3208', '27', null, '1', '3210');
INSERT INTO `attendance` VALUES ('3209', '30', null, '1', '3210');
INSERT INTO `attendance` VALUES ('3210', '33', null, '1', '3210');
INSERT INTO `attendance` VALUES ('3211', '36', null, '1', '3210');
INSERT INTO `attendance` VALUES ('3212', '39', null, '1', '3210');
INSERT INTO `attendance` VALUES ('3213', '42', null, '1', '3210');
INSERT INTO `attendance` VALUES ('3214', '45', null, '1', '3210');
INSERT INTO `attendance` VALUES ('3215', '48', null, '1', '3210');
INSERT INTO `attendance` VALUES ('3216', '51', 'Absent', '2', '3210');
INSERT INTO `attendance` VALUES ('3217', '54', 'Absent', '2', '3210');
INSERT INTO `attendance` VALUES ('3218', '57', null, '1', '3210');
INSERT INTO `attendance` VALUES ('3219', '60', 'Absent', '2', '3210');
INSERT INTO `attendance` VALUES ('3220', '3', 'Absent', '2', '3231');
INSERT INTO `attendance` VALUES ('3221', '6', 'Absent', '2', '3231');
INSERT INTO `attendance` VALUES ('3222', '9', null, '1', '3231');
INSERT INTO `attendance` VALUES ('3223', '12', null, '1', '3231');
INSERT INTO `attendance` VALUES ('3224', '15', null, '1', '3231');
INSERT INTO `attendance` VALUES ('3225', '18', null, '1', '3231');
INSERT INTO `attendance` VALUES ('3226', '21', null, '1', '3231');
INSERT INTO `attendance` VALUES ('3227', '24', 'Absent', '2', '3231');
INSERT INTO `attendance` VALUES ('3228', '27', null, '1', '3231');
INSERT INTO `attendance` VALUES ('3229', '30', null, '1', '3231');
INSERT INTO `attendance` VALUES ('3230', '33', 'Absent', '2', '3231');
INSERT INTO `attendance` VALUES ('3231', '36', null, '1', '3231');
INSERT INTO `attendance` VALUES ('3232', '39', null, '1', '3231');
INSERT INTO `attendance` VALUES ('3233', '42', null, '1', '3231');
INSERT INTO `attendance` VALUES ('3234', '45', null, '1', '3231');
INSERT INTO `attendance` VALUES ('3235', '48', 'Absent', '2', '3231');
INSERT INTO `attendance` VALUES ('3236', '51', null, '1', '3231');
INSERT INTO `attendance` VALUES ('3237', '54', null, '1', '3231');
INSERT INTO `attendance` VALUES ('3238', '57', 'Absent', '2', '3231');
INSERT INTO `attendance` VALUES ('3239', '60', null, '1', '3231');
INSERT INTO `attendance` VALUES ('3240', '3', null, '1', '3252');
INSERT INTO `attendance` VALUES ('3241', '6', null, '1', '3252');
INSERT INTO `attendance` VALUES ('3242', '9', 'Absent', '2', '3252');
INSERT INTO `attendance` VALUES ('3243', '12', null, '1', '3252');
INSERT INTO `attendance` VALUES ('3244', '15', null, '1', '3252');
INSERT INTO `attendance` VALUES ('3245', '18', null, '1', '3252');
INSERT INTO `attendance` VALUES ('3246', '21', null, '1', '3252');
INSERT INTO `attendance` VALUES ('3247', '24', null, '1', '3252');
INSERT INTO `attendance` VALUES ('3248', '27', null, '1', '3252');
INSERT INTO `attendance` VALUES ('3249', '30', null, '1', '3252');
INSERT INTO `attendance` VALUES ('3250', '33', null, '1', '3252');
INSERT INTO `attendance` VALUES ('3251', '36', null, '1', '3252');
INSERT INTO `attendance` VALUES ('3252', '39', null, '1', '3252');
INSERT INTO `attendance` VALUES ('3253', '42', null, '1', '3252');
INSERT INTO `attendance` VALUES ('3254', '45', null, '1', '3252');
INSERT INTO `attendance` VALUES ('3255', '48', null, '1', '3252');
INSERT INTO `attendance` VALUES ('3256', '51', null, '1', '3252');
INSERT INTO `attendance` VALUES ('3257', '54', null, '1', '3252');
INSERT INTO `attendance` VALUES ('3258', '57', 'Absent', '2', '3252');
INSERT INTO `attendance` VALUES ('3259', '60', null, '1', '3252');
INSERT INTO `attendance` VALUES ('3260', '3', null, '1', '3273');
INSERT INTO `attendance` VALUES ('3261', '6', 'Absent', '2', '3273');
INSERT INTO `attendance` VALUES ('3262', '9', null, '1', '3273');
INSERT INTO `attendance` VALUES ('3263', '12', null, '1', '3273');
INSERT INTO `attendance` VALUES ('3264', '15', null, '1', '3273');
INSERT INTO `attendance` VALUES ('3265', '18', null, '1', '3273');
INSERT INTO `attendance` VALUES ('3266', '21', null, '1', '3273');
INSERT INTO `attendance` VALUES ('3267', '24', 'Absent', '2', '3273');
INSERT INTO `attendance` VALUES ('3268', '27', null, '1', '3273');
INSERT INTO `attendance` VALUES ('3269', '30', null, '1', '3273');
INSERT INTO `attendance` VALUES ('3270', '33', null, '1', '3273');
INSERT INTO `attendance` VALUES ('3271', '36', null, '1', '3273');
INSERT INTO `attendance` VALUES ('3272', '39', null, '1', '3273');
INSERT INTO `attendance` VALUES ('3273', '42', 'Absent', '2', '3273');
INSERT INTO `attendance` VALUES ('3274', '45', 'Absent', '2', '3273');
INSERT INTO `attendance` VALUES ('3275', '48', 'Absent', '2', '3273');
INSERT INTO `attendance` VALUES ('3276', '51', 'Absent', '2', '3273');
INSERT INTO `attendance` VALUES ('3277', '54', null, '1', '3273');
INSERT INTO `attendance` VALUES ('3278', '57', null, '1', '3273');
INSERT INTO `attendance` VALUES ('3279', '60', 'Absent', '2', '3273');
INSERT INTO `attendance` VALUES ('3280', '3', null, '1', '3294');
INSERT INTO `attendance` VALUES ('3281', '6', null, '1', '3294');
INSERT INTO `attendance` VALUES ('3282', '9', null, '1', '3294');
INSERT INTO `attendance` VALUES ('3283', '12', null, '1', '3294');
INSERT INTO `attendance` VALUES ('3284', '15', 'Absent', '2', '3294');
INSERT INTO `attendance` VALUES ('3285', '18', null, '1', '3294');
INSERT INTO `attendance` VALUES ('3286', '21', null, '1', '3294');
INSERT INTO `attendance` VALUES ('3287', '24', null, '1', '3294');
INSERT INTO `attendance` VALUES ('3288', '27', null, '1', '3294');
INSERT INTO `attendance` VALUES ('3289', '30', null, '1', '3294');
INSERT INTO `attendance` VALUES ('3290', '33', null, '1', '3294');
INSERT INTO `attendance` VALUES ('3291', '36', null, '1', '3294');
INSERT INTO `attendance` VALUES ('3292', '39', null, '1', '3294');
INSERT INTO `attendance` VALUES ('3293', '42', 'Absent', '2', '3294');
INSERT INTO `attendance` VALUES ('3294', '45', null, '1', '3294');
INSERT INTO `attendance` VALUES ('3295', '48', null, '1', '3294');
INSERT INTO `attendance` VALUES ('3296', '51', null, '1', '3294');
INSERT INTO `attendance` VALUES ('3297', '54', 'Absent', '2', '3294');
INSERT INTO `attendance` VALUES ('3298', '57', null, '1', '3294');
INSERT INTO `attendance` VALUES ('3299', '60', null, '1', '3294');
INSERT INTO `attendance` VALUES ('3300', '3', null, '1', '3315');
INSERT INTO `attendance` VALUES ('3301', '6', null, '1', '3315');
INSERT INTO `attendance` VALUES ('3302', '9', null, '1', '3315');
INSERT INTO `attendance` VALUES ('3303', '12', null, '1', '3315');
INSERT INTO `attendance` VALUES ('3304', '15', 'Absent', '2', '3315');
INSERT INTO `attendance` VALUES ('3305', '18', null, '1', '3315');
INSERT INTO `attendance` VALUES ('3306', '21', null, '1', '3315');
INSERT INTO `attendance` VALUES ('3307', '24', 'Absent', '2', '3315');
INSERT INTO `attendance` VALUES ('3308', '27', 'Absent', '2', '3315');
INSERT INTO `attendance` VALUES ('3309', '30', 'Absent', '2', '3315');
INSERT INTO `attendance` VALUES ('3310', '33', 'Absent', '2', '3315');
INSERT INTO `attendance` VALUES ('3311', '36', null, '1', '3315');
INSERT INTO `attendance` VALUES ('3312', '39', null, '1', '3315');
INSERT INTO `attendance` VALUES ('3313', '42', null, '1', '3315');
INSERT INTO `attendance` VALUES ('3314', '45', null, '1', '3315');
INSERT INTO `attendance` VALUES ('3315', '48', null, '1', '3315');
INSERT INTO `attendance` VALUES ('3316', '51', null, '1', '3315');
INSERT INTO `attendance` VALUES ('3317', '54', null, '1', '3315');
INSERT INTO `attendance` VALUES ('3318', '57', null, '1', '3315');
INSERT INTO `attendance` VALUES ('3319', '60', null, '1', '3315');
INSERT INTO `attendance` VALUES ('3320', '3', null, '1', '3336');
INSERT INTO `attendance` VALUES ('3321', '6', null, '1', '3336');
INSERT INTO `attendance` VALUES ('3322', '9', null, '1', '3336');
INSERT INTO `attendance` VALUES ('3323', '12', 'Absent', '2', '3336');
INSERT INTO `attendance` VALUES ('3324', '15', 'Absent', '2', '3336');
INSERT INTO `attendance` VALUES ('3325', '18', null, '1', '3336');
INSERT INTO `attendance` VALUES ('3326', '21', null, '1', '3336');
INSERT INTO `attendance` VALUES ('3327', '24', null, '1', '3336');
INSERT INTO `attendance` VALUES ('3328', '27', 'Absent', '2', '3336');
INSERT INTO `attendance` VALUES ('3329', '30', 'Absent', '2', '3336');
INSERT INTO `attendance` VALUES ('3330', '33', 'Absent', '2', '3336');
INSERT INTO `attendance` VALUES ('3331', '36', null, '1', '3336');
INSERT INTO `attendance` VALUES ('3332', '39', 'Absent', '2', '3336');
INSERT INTO `attendance` VALUES ('3333', '42', 'Absent', '2', '3336');
INSERT INTO `attendance` VALUES ('3334', '45', 'Absent', '2', '3336');
INSERT INTO `attendance` VALUES ('3335', '48', null, '1', '3336');
INSERT INTO `attendance` VALUES ('3336', '51', null, '1', '3336');
INSERT INTO `attendance` VALUES ('3337', '54', 'Absent', '2', '3336');
INSERT INTO `attendance` VALUES ('3338', '57', null, '1', '3336');
INSERT INTO `attendance` VALUES ('3339', '60', null, '1', '3336');
INSERT INTO `attendance` VALUES ('3340', '3', null, '1', '3357');
INSERT INTO `attendance` VALUES ('3341', '6', null, '1', '3357');
INSERT INTO `attendance` VALUES ('3342', '9', 'Absent', '2', '3357');
INSERT INTO `attendance` VALUES ('3343', '12', null, '1', '3357');
INSERT INTO `attendance` VALUES ('3344', '15', null, '1', '3357');
INSERT INTO `attendance` VALUES ('3345', '18', 'Absent', '2', '3357');
INSERT INTO `attendance` VALUES ('3346', '21', null, '1', '3357');
INSERT INTO `attendance` VALUES ('3347', '24', 'Absent', '2', '3357');
INSERT INTO `attendance` VALUES ('3348', '27', null, '1', '3357');
INSERT INTO `attendance` VALUES ('3349', '30', null, '1', '3357');
INSERT INTO `attendance` VALUES ('3350', '33', null, '1', '3357');
INSERT INTO `attendance` VALUES ('3351', '36', null, '1', '3357');
INSERT INTO `attendance` VALUES ('3352', '39', null, '1', '3357');
INSERT INTO `attendance` VALUES ('3353', '42', null, '1', '3357');
INSERT INTO `attendance` VALUES ('3354', '45', null, '1', '3357');
INSERT INTO `attendance` VALUES ('3355', '48', 'Absent', '2', '3357');
INSERT INTO `attendance` VALUES ('3356', '51', null, '1', '3357');
INSERT INTO `attendance` VALUES ('3357', '54', 'Absent', '2', '3357');
INSERT INTO `attendance` VALUES ('3358', '57', null, '1', '3357');
INSERT INTO `attendance` VALUES ('3359', '60', null, '1', '3357');
INSERT INTO `attendance` VALUES ('3360', '3', null, '1', '3378');
INSERT INTO `attendance` VALUES ('3361', '6', null, '1', '3378');
INSERT INTO `attendance` VALUES ('3362', '9', 'Absent', '2', '3378');
INSERT INTO `attendance` VALUES ('3363', '12', 'Absent', '2', '3378');
INSERT INTO `attendance` VALUES ('3364', '15', 'Absent', '2', '3378');
INSERT INTO `attendance` VALUES ('3365', '18', 'Absent', '2', '3378');
INSERT INTO `attendance` VALUES ('3366', '21', null, '1', '3378');
INSERT INTO `attendance` VALUES ('3367', '24', null, '1', '3378');
INSERT INTO `attendance` VALUES ('3368', '27', null, '1', '3378');
INSERT INTO `attendance` VALUES ('3369', '30', 'Absent', '2', '3378');
INSERT INTO `attendance` VALUES ('3370', '33', null, '1', '3378');
INSERT INTO `attendance` VALUES ('3371', '36', null, '1', '3378');
INSERT INTO `attendance` VALUES ('3372', '39', 'Absent', '2', '3378');
INSERT INTO `attendance` VALUES ('3373', '42', 'Absent', '2', '3378');
INSERT INTO `attendance` VALUES ('3374', '45', null, '1', '3378');
INSERT INTO `attendance` VALUES ('3375', '48', 'Absent', '2', '3378');
INSERT INTO `attendance` VALUES ('3376', '51', null, '1', '3378');
INSERT INTO `attendance` VALUES ('3377', '54', null, '1', '3378');
INSERT INTO `attendance` VALUES ('3378', '57', null, '1', '3378');
INSERT INTO `attendance` VALUES ('3379', '60', 'Absent', '2', '3378');
INSERT INTO `attendance` VALUES ('3380', '3', null, '1', '3399');
INSERT INTO `attendance` VALUES ('3381', '6', null, '1', '3399');
INSERT INTO `attendance` VALUES ('3382', '9', 'Absent', '2', '3399');
INSERT INTO `attendance` VALUES ('3383', '12', null, '1', '3399');
INSERT INTO `attendance` VALUES ('3384', '15', null, '1', '3399');
INSERT INTO `attendance` VALUES ('3385', '18', null, '1', '3399');
INSERT INTO `attendance` VALUES ('3386', '21', null, '1', '3399');
INSERT INTO `attendance` VALUES ('3387', '24', null, '1', '3399');
INSERT INTO `attendance` VALUES ('3388', '27', null, '1', '3399');
INSERT INTO `attendance` VALUES ('3389', '30', null, '1', '3399');
INSERT INTO `attendance` VALUES ('3390', '33', null, '1', '3399');
INSERT INTO `attendance` VALUES ('3391', '36', 'Absent', '2', '3399');
INSERT INTO `attendance` VALUES ('3392', '39', 'Absent', '2', '3399');
INSERT INTO `attendance` VALUES ('3393', '42', null, '1', '3399');
INSERT INTO `attendance` VALUES ('3394', '45', null, '1', '3399');
INSERT INTO `attendance` VALUES ('3395', '48', 'Absent', '2', '3399');
INSERT INTO `attendance` VALUES ('3396', '51', 'Absent', '2', '3399');
INSERT INTO `attendance` VALUES ('3397', '54', null, '1', '3399');
INSERT INTO `attendance` VALUES ('3398', '57', null, '1', '3399');
INSERT INTO `attendance` VALUES ('3399', '60', 'Absent', '2', '3399');
INSERT INTO `attendance` VALUES ('3400', '3', null, '1', '3420');
INSERT INTO `attendance` VALUES ('3401', '6', null, '1', '3420');
INSERT INTO `attendance` VALUES ('3402', '9', null, '1', '3420');
INSERT INTO `attendance` VALUES ('3403', '12', null, '1', '3420');
INSERT INTO `attendance` VALUES ('3404', '15', 'Absent', '2', '3420');
INSERT INTO `attendance` VALUES ('3405', '18', null, '1', '3420');
INSERT INTO `attendance` VALUES ('3406', '21', 'Absent', '2', '3420');
INSERT INTO `attendance` VALUES ('3407', '24', null, '1', '3420');
INSERT INTO `attendance` VALUES ('3408', '27', 'Absent', '2', '3420');
INSERT INTO `attendance` VALUES ('3409', '30', null, '1', '3420');
INSERT INTO `attendance` VALUES ('3410', '33', 'Absent', '2', '3420');
INSERT INTO `attendance` VALUES ('3411', '36', 'Absent', '2', '3420');
INSERT INTO `attendance` VALUES ('3412', '39', 'Absent', '2', '3420');
INSERT INTO `attendance` VALUES ('3413', '42', null, '1', '3420');
INSERT INTO `attendance` VALUES ('3414', '45', null, '1', '3420');
INSERT INTO `attendance` VALUES ('3415', '48', 'Absent', '2', '3420');
INSERT INTO `attendance` VALUES ('3416', '51', 'Absent', '2', '3420');
INSERT INTO `attendance` VALUES ('3417', '54', null, '1', '3420');
INSERT INTO `attendance` VALUES ('3418', '57', null, '1', '3420');
INSERT INTO `attendance` VALUES ('3419', '60', null, '1', '3420');
INSERT INTO `attendance` VALUES ('3420', '3', null, '1', '3441');
INSERT INTO `attendance` VALUES ('3421', '6', null, '1', '3441');
INSERT INTO `attendance` VALUES ('3422', '9', null, '1', '3441');
INSERT INTO `attendance` VALUES ('3423', '12', null, '1', '3441');
INSERT INTO `attendance` VALUES ('3424', '15', null, '1', '3441');
INSERT INTO `attendance` VALUES ('3425', '18', null, '1', '3441');
INSERT INTO `attendance` VALUES ('3426', '21', null, '1', '3441');
INSERT INTO `attendance` VALUES ('3427', '24', null, '1', '3441');
INSERT INTO `attendance` VALUES ('3428', '27', null, '1', '3441');
INSERT INTO `attendance` VALUES ('3429', '30', 'Absent', '2', '3441');
INSERT INTO `attendance` VALUES ('3430', '33', null, '1', '3441');
INSERT INTO `attendance` VALUES ('3431', '36', null, '1', '3441');
INSERT INTO `attendance` VALUES ('3432', '39', null, '1', '3441');
INSERT INTO `attendance` VALUES ('3433', '42', null, '1', '3441');
INSERT INTO `attendance` VALUES ('3434', '45', null, '1', '3441');
INSERT INTO `attendance` VALUES ('3435', '48', null, '1', '3441');
INSERT INTO `attendance` VALUES ('3436', '51', null, '1', '3441');
INSERT INTO `attendance` VALUES ('3437', '54', null, '1', '3441');
INSERT INTO `attendance` VALUES ('3438', '57', null, '1', '3441');
INSERT INTO `attendance` VALUES ('3439', '60', null, '1', '3441');
INSERT INTO `attendance` VALUES ('3440', '3', null, '1', '3462');
INSERT INTO `attendance` VALUES ('3441', '6', null, '1', '3462');
INSERT INTO `attendance` VALUES ('3442', '9', null, '1', '3462');
INSERT INTO `attendance` VALUES ('3443', '12', 'Absent', '2', '3462');
INSERT INTO `attendance` VALUES ('3444', '15', null, '1', '3462');
INSERT INTO `attendance` VALUES ('3445', '18', null, '1', '3462');
INSERT INTO `attendance` VALUES ('3446', '21', null, '1', '3462');
INSERT INTO `attendance` VALUES ('3447', '24', null, '1', '3462');
INSERT INTO `attendance` VALUES ('3448', '27', null, '1', '3462');
INSERT INTO `attendance` VALUES ('3449', '30', 'Absent', '2', '3462');
INSERT INTO `attendance` VALUES ('3450', '33', 'Absent', '2', '3462');
INSERT INTO `attendance` VALUES ('3451', '36', null, '1', '3462');
INSERT INTO `attendance` VALUES ('3452', '39', null, '1', '3462');
INSERT INTO `attendance` VALUES ('3453', '42', 'Absent', '2', '3462');
INSERT INTO `attendance` VALUES ('3454', '45', 'Absent', '2', '3462');
INSERT INTO `attendance` VALUES ('3455', '48', null, '1', '3462');
INSERT INTO `attendance` VALUES ('3456', '51', 'Absent', '2', '3462');
INSERT INTO `attendance` VALUES ('3457', '54', null, '1', '3462');
INSERT INTO `attendance` VALUES ('3458', '57', null, '1', '3462');
INSERT INTO `attendance` VALUES ('3459', '60', null, '1', '3462');
INSERT INTO `attendance` VALUES ('3460', '3', null, '1', '3483');
INSERT INTO `attendance` VALUES ('3461', '6', null, '1', '3483');
INSERT INTO `attendance` VALUES ('3462', '9', null, '1', '3483');
INSERT INTO `attendance` VALUES ('3463', '12', null, '1', '3483');
INSERT INTO `attendance` VALUES ('3464', '15', 'Absent', '2', '3483');
INSERT INTO `attendance` VALUES ('3465', '18', 'Absent', '2', '3483');
INSERT INTO `attendance` VALUES ('3466', '21', null, '1', '3483');
INSERT INTO `attendance` VALUES ('3467', '24', 'Absent', '2', '3483');
INSERT INTO `attendance` VALUES ('3468', '27', 'Absent', '2', '3483');
INSERT INTO `attendance` VALUES ('3469', '30', null, '1', '3483');
INSERT INTO `attendance` VALUES ('3470', '33', null, '1', '3483');
INSERT INTO `attendance` VALUES ('3471', '36', null, '1', '3483');
INSERT INTO `attendance` VALUES ('3472', '39', null, '1', '3483');
INSERT INTO `attendance` VALUES ('3473', '42', null, '1', '3483');
INSERT INTO `attendance` VALUES ('3474', '45', null, '1', '3483');
INSERT INTO `attendance` VALUES ('3475', '48', 'Absent', '2', '3483');
INSERT INTO `attendance` VALUES ('3476', '51', 'Absent', '2', '3483');
INSERT INTO `attendance` VALUES ('3477', '54', null, '1', '3483');
INSERT INTO `attendance` VALUES ('3478', '57', 'Absent', '2', '3483');
INSERT INTO `attendance` VALUES ('3479', '60', 'Absent', '2', '3483');
INSERT INTO `attendance` VALUES ('3480', '3', null, '1', '3504');
INSERT INTO `attendance` VALUES ('3481', '6', null, '1', '3504');
INSERT INTO `attendance` VALUES ('3482', '9', null, '1', '3504');
INSERT INTO `attendance` VALUES ('3483', '12', null, '1', '3504');
INSERT INTO `attendance` VALUES ('3484', '15', null, '1', '3504');
INSERT INTO `attendance` VALUES ('3485', '18', null, '1', '3504');
INSERT INTO `attendance` VALUES ('3486', '21', 'Absent', '2', '3504');
INSERT INTO `attendance` VALUES ('3487', '24', null, '1', '3504');
INSERT INTO `attendance` VALUES ('3488', '27', 'Absent', '2', '3504');
INSERT INTO `attendance` VALUES ('3489', '30', null, '1', '3504');
INSERT INTO `attendance` VALUES ('3490', '33', null, '1', '3504');
INSERT INTO `attendance` VALUES ('3491', '36', null, '1', '3504');
INSERT INTO `attendance` VALUES ('3492', '39', null, '1', '3504');
INSERT INTO `attendance` VALUES ('3493', '42', null, '1', '3504');
INSERT INTO `attendance` VALUES ('3494', '45', null, '1', '3504');
INSERT INTO `attendance` VALUES ('3495', '48', 'Absent', '2', '3504');
INSERT INTO `attendance` VALUES ('3496', '51', null, '1', '3504');
INSERT INTO `attendance` VALUES ('3497', '54', null, '1', '3504');
INSERT INTO `attendance` VALUES ('3498', '57', 'Absent', '2', '3504');
INSERT INTO `attendance` VALUES ('3499', '60', null, '1', '3504');
INSERT INTO `attendance` VALUES ('3500', '3', null, '1', '3525');
INSERT INTO `attendance` VALUES ('3501', '6', null, '1', '3525');
INSERT INTO `attendance` VALUES ('3502', '9', null, '1', '3525');
INSERT INTO `attendance` VALUES ('3503', '12', null, '1', '3525');
INSERT INTO `attendance` VALUES ('3504', '15', null, '1', '3525');
INSERT INTO `attendance` VALUES ('3505', '18', null, '1', '3525');
INSERT INTO `attendance` VALUES ('3506', '21', null, '1', '3525');
INSERT INTO `attendance` VALUES ('3507', '24', 'Absent', '2', '3525');
INSERT INTO `attendance` VALUES ('3508', '27', null, '1', '3525');
INSERT INTO `attendance` VALUES ('3509', '30', null, '1', '3525');
INSERT INTO `attendance` VALUES ('3510', '33', 'Absent', '2', '3525');
INSERT INTO `attendance` VALUES ('3511', '36', 'Absent', '2', '3525');
INSERT INTO `attendance` VALUES ('3512', '39', null, '1', '3525');
INSERT INTO `attendance` VALUES ('3513', '42', null, '1', '3525');
INSERT INTO `attendance` VALUES ('3514', '45', null, '1', '3525');
INSERT INTO `attendance` VALUES ('3515', '48', null, '1', '3525');
INSERT INTO `attendance` VALUES ('3516', '51', null, '1', '3525');
INSERT INTO `attendance` VALUES ('3517', '54', null, '1', '3525');
INSERT INTO `attendance` VALUES ('3518', '57', 'Absent', '2', '3525');
INSERT INTO `attendance` VALUES ('3519', '60', null, '1', '3525');
INSERT INTO `attendance` VALUES ('3520', '3', null, '1', '3546');
INSERT INTO `attendance` VALUES ('3521', '6', 'Absent', '2', '3546');
INSERT INTO `attendance` VALUES ('3522', '9', null, '1', '3546');
INSERT INTO `attendance` VALUES ('3523', '12', null, '1', '3546');
INSERT INTO `attendance` VALUES ('3524', '15', null, '1', '3546');
INSERT INTO `attendance` VALUES ('3525', '18', 'Absent', '2', '3546');
INSERT INTO `attendance` VALUES ('3526', '21', null, '1', '3546');
INSERT INTO `attendance` VALUES ('3527', '24', null, '1', '3546');
INSERT INTO `attendance` VALUES ('3528', '27', null, '1', '3546');
INSERT INTO `attendance` VALUES ('3529', '30', null, '1', '3546');
INSERT INTO `attendance` VALUES ('3530', '33', null, '1', '3546');
INSERT INTO `attendance` VALUES ('3531', '36', null, '1', '3546');
INSERT INTO `attendance` VALUES ('3532', '39', 'Absent', '2', '3546');
INSERT INTO `attendance` VALUES ('3533', '42', 'Absent', '2', '3546');
INSERT INTO `attendance` VALUES ('3534', '45', 'Absent', '2', '3546');
INSERT INTO `attendance` VALUES ('3535', '48', null, '1', '3546');
INSERT INTO `attendance` VALUES ('3536', '51', null, '1', '3546');
INSERT INTO `attendance` VALUES ('3537', '54', null, '1', '3546');
INSERT INTO `attendance` VALUES ('3538', '57', null, '1', '3546');
INSERT INTO `attendance` VALUES ('3539', '60', null, '1', '3546');
INSERT INTO `attendance` VALUES ('3540', '3', 'Absent', '2', '3567');
INSERT INTO `attendance` VALUES ('3541', '6', 'Absent', '2', '3567');
INSERT INTO `attendance` VALUES ('3542', '9', null, '1', '3567');
INSERT INTO `attendance` VALUES ('3543', '12', 'Absent', '2', '3567');
INSERT INTO `attendance` VALUES ('3544', '15', 'Absent', '2', '3567');
INSERT INTO `attendance` VALUES ('3545', '18', null, '1', '3567');
INSERT INTO `attendance` VALUES ('3546', '21', 'Absent', '2', '3567');
INSERT INTO `attendance` VALUES ('3547', '24', null, '1', '3567');
INSERT INTO `attendance` VALUES ('3548', '27', 'Absent', '2', '3567');
INSERT INTO `attendance` VALUES ('3549', '30', null, '1', '3567');
INSERT INTO `attendance` VALUES ('3550', '33', 'Absent', '2', '3567');
INSERT INTO `attendance` VALUES ('3551', '36', null, '1', '3567');
INSERT INTO `attendance` VALUES ('3552', '39', null, '1', '3567');
INSERT INTO `attendance` VALUES ('3553', '42', null, '1', '3567');
INSERT INTO `attendance` VALUES ('3554', '45', 'Absent', '2', '3567');
INSERT INTO `attendance` VALUES ('3555', '48', null, '1', '3567');
INSERT INTO `attendance` VALUES ('3556', '51', 'Absent', '2', '3567');
INSERT INTO `attendance` VALUES ('3557', '54', 'Absent', '2', '3567');
INSERT INTO `attendance` VALUES ('3558', '57', null, '1', '3567');
INSERT INTO `attendance` VALUES ('3559', '60', null, '1', '3567');
INSERT INTO `attendance` VALUES ('3560', '3', null, '1', '3588');
INSERT INTO `attendance` VALUES ('3561', '6', 'Absent', '2', '3588');
INSERT INTO `attendance` VALUES ('3562', '9', null, '1', '3588');
INSERT INTO `attendance` VALUES ('3563', '12', null, '1', '3588');
INSERT INTO `attendance` VALUES ('3564', '15', null, '1', '3588');
INSERT INTO `attendance` VALUES ('3565', '18', null, '1', '3588');
INSERT INTO `attendance` VALUES ('3566', '21', null, '1', '3588');
INSERT INTO `attendance` VALUES ('3567', '24', null, '1', '3588');
INSERT INTO `attendance` VALUES ('3568', '27', null, '1', '3588');
INSERT INTO `attendance` VALUES ('3569', '30', null, '1', '3588');
INSERT INTO `attendance` VALUES ('3570', '33', null, '1', '3588');
INSERT INTO `attendance` VALUES ('3571', '36', null, '1', '3588');
INSERT INTO `attendance` VALUES ('3572', '39', null, '1', '3588');
INSERT INTO `attendance` VALUES ('3573', '42', null, '1', '3588');
INSERT INTO `attendance` VALUES ('3574', '45', null, '1', '3588');
INSERT INTO `attendance` VALUES ('3575', '48', null, '1', '3588');
INSERT INTO `attendance` VALUES ('3576', '51', null, '1', '3588');
INSERT INTO `attendance` VALUES ('3577', '54', 'Absent', '2', '3588');
INSERT INTO `attendance` VALUES ('3578', '57', null, '1', '3588');
INSERT INTO `attendance` VALUES ('3579', '60', 'Absent', '2', '3588');
INSERT INTO `attendance` VALUES ('3580', '3', 'Absent', '2', '3609');
INSERT INTO `attendance` VALUES ('3581', '6', null, '1', '3609');
INSERT INTO `attendance` VALUES ('3582', '9', 'Absent', '2', '3609');
INSERT INTO `attendance` VALUES ('3583', '12', 'Absent', '2', '3609');
INSERT INTO `attendance` VALUES ('3584', '15', null, '1', '3609');
INSERT INTO `attendance` VALUES ('3585', '18', null, '1', '3609');
INSERT INTO `attendance` VALUES ('3586', '21', null, '1', '3609');
INSERT INTO `attendance` VALUES ('3587', '24', null, '1', '3609');
INSERT INTO `attendance` VALUES ('3588', '27', null, '1', '3609');
INSERT INTO `attendance` VALUES ('3589', '30', null, '1', '3609');
INSERT INTO `attendance` VALUES ('3590', '33', null, '1', '3609');
INSERT INTO `attendance` VALUES ('3591', '36', 'Absent', '2', '3609');
INSERT INTO `attendance` VALUES ('3592', '39', null, '1', '3609');
INSERT INTO `attendance` VALUES ('3593', '42', null, '1', '3609');
INSERT INTO `attendance` VALUES ('3594', '45', null, '1', '3609');
INSERT INTO `attendance` VALUES ('3595', '48', 'Absent', '2', '3609');
INSERT INTO `attendance` VALUES ('3596', '51', 'Absent', '2', '3609');
INSERT INTO `attendance` VALUES ('3597', '54', null, '1', '3609');
INSERT INTO `attendance` VALUES ('3598', '57', null, '1', '3609');
INSERT INTO `attendance` VALUES ('3599', '60', null, '1', '3609');
INSERT INTO `attendance` VALUES ('3600', '3', null, '1', '3630');
INSERT INTO `attendance` VALUES ('3601', '6', 'Absent', '2', '3630');
INSERT INTO `attendance` VALUES ('3602', '9', null, '1', '3630');
INSERT INTO `attendance` VALUES ('3603', '12', null, '1', '3630');
INSERT INTO `attendance` VALUES ('3604', '15', null, '1', '3630');
INSERT INTO `attendance` VALUES ('3605', '18', null, '1', '3630');
INSERT INTO `attendance` VALUES ('3606', '21', null, '1', '3630');
INSERT INTO `attendance` VALUES ('3607', '24', null, '1', '3630');
INSERT INTO `attendance` VALUES ('3608', '27', 'Absent', '2', '3630');
INSERT INTO `attendance` VALUES ('3609', '30', null, '1', '3630');
INSERT INTO `attendance` VALUES ('3610', '33', null, '1', '3630');
INSERT INTO `attendance` VALUES ('3611', '36', null, '1', '3630');
INSERT INTO `attendance` VALUES ('3612', '39', null, '1', '3630');
INSERT INTO `attendance` VALUES ('3613', '42', 'Absent', '2', '3630');
INSERT INTO `attendance` VALUES ('3614', '45', null, '1', '3630');
INSERT INTO `attendance` VALUES ('3615', '48', 'Absent', '2', '3630');
INSERT INTO `attendance` VALUES ('3616', '51', null, '1', '3630');
INSERT INTO `attendance` VALUES ('3617', '54', null, '1', '3630');
INSERT INTO `attendance` VALUES ('3618', '57', 'Absent', '2', '3630');
INSERT INTO `attendance` VALUES ('3619', '60', null, '1', '3630');
INSERT INTO `attendance` VALUES ('3620', '3', null, '1', '3651');
INSERT INTO `attendance` VALUES ('3621', '6', null, '1', '3651');
INSERT INTO `attendance` VALUES ('3622', '9', null, '1', '3651');
INSERT INTO `attendance` VALUES ('3623', '12', null, '1', '3651');
INSERT INTO `attendance` VALUES ('3624', '15', null, '1', '3651');
INSERT INTO `attendance` VALUES ('3625', '18', 'Absent', '2', '3651');
INSERT INTO `attendance` VALUES ('3626', '21', 'Absent', '2', '3651');
INSERT INTO `attendance` VALUES ('3627', '24', null, '1', '3651');
INSERT INTO `attendance` VALUES ('3628', '27', 'Absent', '2', '3651');
INSERT INTO `attendance` VALUES ('3629', '30', null, '1', '3651');
INSERT INTO `attendance` VALUES ('3630', '33', null, '1', '3651');
INSERT INTO `attendance` VALUES ('3631', '36', null, '1', '3651');
INSERT INTO `attendance` VALUES ('3632', '39', 'Absent', '2', '3651');
INSERT INTO `attendance` VALUES ('3633', '42', null, '1', '3651');
INSERT INTO `attendance` VALUES ('3634', '45', 'Absent', '2', '3651');
INSERT INTO `attendance` VALUES ('3635', '48', 'Absent', '2', '3651');
INSERT INTO `attendance` VALUES ('3636', '51', 'Absent', '2', '3651');
INSERT INTO `attendance` VALUES ('3637', '54', null, '1', '3651');
INSERT INTO `attendance` VALUES ('3638', '57', null, '1', '3651');
INSERT INTO `attendance` VALUES ('3639', '60', null, '1', '3651');
INSERT INTO `attendance` VALUES ('3640', '3', 'Absent', '2', '3672');
INSERT INTO `attendance` VALUES ('3641', '6', null, '1', '3672');
INSERT INTO `attendance` VALUES ('3642', '9', 'Absent', '2', '3672');
INSERT INTO `attendance` VALUES ('3643', '12', null, '1', '3672');
INSERT INTO `attendance` VALUES ('3644', '15', null, '1', '3672');
INSERT INTO `attendance` VALUES ('3645', '18', null, '1', '3672');
INSERT INTO `attendance` VALUES ('3646', '21', null, '1', '3672');
INSERT INTO `attendance` VALUES ('3647', '24', null, '1', '3672');
INSERT INTO `attendance` VALUES ('3648', '27', null, '1', '3672');
INSERT INTO `attendance` VALUES ('3649', '30', 'Absent', '2', '3672');
INSERT INTO `attendance` VALUES ('3650', '33', 'Absent', '2', '3672');
INSERT INTO `attendance` VALUES ('3651', '36', null, '1', '3672');
INSERT INTO `attendance` VALUES ('3652', '39', 'Absent', '2', '3672');
INSERT INTO `attendance` VALUES ('3653', '42', 'Absent', '2', '3672');
INSERT INTO `attendance` VALUES ('3654', '45', 'Absent', '2', '3672');
INSERT INTO `attendance` VALUES ('3655', '48', null, '1', '3672');
INSERT INTO `attendance` VALUES ('3656', '51', null, '1', '3672');
INSERT INTO `attendance` VALUES ('3657', '54', null, '1', '3672');
INSERT INTO `attendance` VALUES ('3658', '57', null, '1', '3672');
INSERT INTO `attendance` VALUES ('3659', '60', null, '1', '3672');
INSERT INTO `attendance` VALUES ('3660', '3', null, '1', '3693');
INSERT INTO `attendance` VALUES ('3661', '6', null, '1', '3693');
INSERT INTO `attendance` VALUES ('3662', '9', null, '1', '3693');
INSERT INTO `attendance` VALUES ('3663', '12', null, '1', '3693');
INSERT INTO `attendance` VALUES ('3664', '15', null, '1', '3693');
INSERT INTO `attendance` VALUES ('3665', '18', 'Absent', '2', '3693');
INSERT INTO `attendance` VALUES ('3666', '21', null, '1', '3693');
INSERT INTO `attendance` VALUES ('3667', '24', null, '1', '3693');
INSERT INTO `attendance` VALUES ('3668', '27', 'Absent', '2', '3693');
INSERT INTO `attendance` VALUES ('3669', '30', null, '1', '3693');
INSERT INTO `attendance` VALUES ('3670', '33', null, '1', '3693');
INSERT INTO `attendance` VALUES ('3671', '36', 'Absent', '2', '3693');
INSERT INTO `attendance` VALUES ('3672', '39', null, '1', '3693');
INSERT INTO `attendance` VALUES ('3673', '42', 'Absent', '2', '3693');
INSERT INTO `attendance` VALUES ('3674', '45', null, '1', '3693');
INSERT INTO `attendance` VALUES ('3675', '48', null, '1', '3693');
INSERT INTO `attendance` VALUES ('3676', '51', 'Absent', '2', '3693');
INSERT INTO `attendance` VALUES ('3677', '54', null, '1', '3693');
INSERT INTO `attendance` VALUES ('3678', '57', null, '1', '3693');
INSERT INTO `attendance` VALUES ('3679', '60', 'Absent', '2', '3693');
INSERT INTO `attendance` VALUES ('3680', '3', null, '1', '3714');
INSERT INTO `attendance` VALUES ('3681', '6', null, '1', '3714');
INSERT INTO `attendance` VALUES ('3682', '9', 'Absent', '2', '3714');
INSERT INTO `attendance` VALUES ('3683', '12', null, '1', '3714');
INSERT INTO `attendance` VALUES ('3684', '15', 'Absent', '2', '3714');
INSERT INTO `attendance` VALUES ('3685', '18', null, '1', '3714');
INSERT INTO `attendance` VALUES ('3686', '21', null, '1', '3714');
INSERT INTO `attendance` VALUES ('3687', '24', 'Absent', '2', '3714');
INSERT INTO `attendance` VALUES ('3688', '27', 'Absent', '2', '3714');
INSERT INTO `attendance` VALUES ('3689', '30', null, '1', '3714');
INSERT INTO `attendance` VALUES ('3690', '33', null, '1', '3714');
INSERT INTO `attendance` VALUES ('3691', '36', null, '1', '3714');
INSERT INTO `attendance` VALUES ('3692', '39', null, '1', '3714');
INSERT INTO `attendance` VALUES ('3693', '42', 'Absent', '2', '3714');
INSERT INTO `attendance` VALUES ('3694', '45', null, '1', '3714');
INSERT INTO `attendance` VALUES ('3695', '48', 'Absent', '2', '3714');
INSERT INTO `attendance` VALUES ('3696', '51', null, '1', '3714');
INSERT INTO `attendance` VALUES ('3697', '54', null, '1', '3714');
INSERT INTO `attendance` VALUES ('3698', '57', 'Absent', '2', '3714');
INSERT INTO `attendance` VALUES ('3699', '60', null, '1', '3714');
INSERT INTO `attendance` VALUES ('3700', '3', 'Absent', '2', '3735');
INSERT INTO `attendance` VALUES ('3701', '6', null, '1', '3735');
INSERT INTO `attendance` VALUES ('3702', '9', 'Absent', '2', '3735');
INSERT INTO `attendance` VALUES ('3703', '12', null, '1', '3735');
INSERT INTO `attendance` VALUES ('3704', '15', null, '1', '3735');
INSERT INTO `attendance` VALUES ('3705', '18', null, '1', '3735');
INSERT INTO `attendance` VALUES ('3706', '21', null, '1', '3735');
INSERT INTO `attendance` VALUES ('3707', '24', null, '1', '3735');
INSERT INTO `attendance` VALUES ('3708', '27', 'Absent', '2', '3735');
INSERT INTO `attendance` VALUES ('3709', '30', null, '1', '3735');
INSERT INTO `attendance` VALUES ('3710', '33', 'Absent', '2', '3735');
INSERT INTO `attendance` VALUES ('3711', '36', null, '1', '3735');
INSERT INTO `attendance` VALUES ('3712', '39', 'Absent', '2', '3735');
INSERT INTO `attendance` VALUES ('3713', '42', null, '1', '3735');
INSERT INTO `attendance` VALUES ('3714', '45', 'Absent', '2', '3735');
INSERT INTO `attendance` VALUES ('3715', '48', null, '1', '3735');
INSERT INTO `attendance` VALUES ('3716', '51', 'Absent', '2', '3735');
INSERT INTO `attendance` VALUES ('3717', '54', 'Absent', '2', '3735');
INSERT INTO `attendance` VALUES ('3718', '57', null, '1', '3735');
INSERT INTO `attendance` VALUES ('3719', '60', 'Absent', '2', '3735');
INSERT INTO `attendance` VALUES ('3720', '3', null, '1', '3756');
INSERT INTO `attendance` VALUES ('3721', '6', null, '1', '3756');
INSERT INTO `attendance` VALUES ('3722', '9', null, '1', '3756');
INSERT INTO `attendance` VALUES ('3723', '12', null, '1', '3756');
INSERT INTO `attendance` VALUES ('3724', '15', null, '1', '3756');
INSERT INTO `attendance` VALUES ('3725', '18', null, '1', '3756');
INSERT INTO `attendance` VALUES ('3726', '21', null, '1', '3756');
INSERT INTO `attendance` VALUES ('3727', '24', null, '1', '3756');
INSERT INTO `attendance` VALUES ('3728', '27', 'Absent', '2', '3756');
INSERT INTO `attendance` VALUES ('3729', '30', null, '1', '3756');
INSERT INTO `attendance` VALUES ('3730', '33', null, '1', '3756');
INSERT INTO `attendance` VALUES ('3731', '36', null, '1', '3756');
INSERT INTO `attendance` VALUES ('3732', '39', 'Absent', '2', '3756');
INSERT INTO `attendance` VALUES ('3733', '42', null, '1', '3756');
INSERT INTO `attendance` VALUES ('3734', '45', 'Absent', '2', '3756');
INSERT INTO `attendance` VALUES ('3735', '48', null, '1', '3756');
INSERT INTO `attendance` VALUES ('3736', '51', 'Absent', '2', '3756');
INSERT INTO `attendance` VALUES ('3737', '54', null, '1', '3756');
INSERT INTO `attendance` VALUES ('3738', '57', null, '1', '3756');
INSERT INTO `attendance` VALUES ('3739', '60', 'Absent', '2', '3756');
INSERT INTO `attendance` VALUES ('3740', '3', null, '1', '3777');
INSERT INTO `attendance` VALUES ('3741', '6', null, '1', '3777');
INSERT INTO `attendance` VALUES ('3742', '9', null, '1', '3777');
INSERT INTO `attendance` VALUES ('3743', '12', null, '1', '3777');
INSERT INTO `attendance` VALUES ('3744', '15', null, '1', '3777');
INSERT INTO `attendance` VALUES ('3745', '18', null, '1', '3777');
INSERT INTO `attendance` VALUES ('3746', '21', null, '1', '3777');
INSERT INTO `attendance` VALUES ('3747', '24', null, '1', '3777');
INSERT INTO `attendance` VALUES ('3748', '27', 'Absent', '2', '3777');
INSERT INTO `attendance` VALUES ('3749', '30', null, '1', '3777');
INSERT INTO `attendance` VALUES ('3750', '33', null, '1', '3777');
INSERT INTO `attendance` VALUES ('3751', '36', null, '1', '3777');
INSERT INTO `attendance` VALUES ('3752', '39', null, '1', '3777');
INSERT INTO `attendance` VALUES ('3753', '42', null, '1', '3777');
INSERT INTO `attendance` VALUES ('3754', '45', 'Absent', '2', '3777');
INSERT INTO `attendance` VALUES ('3755', '48', null, '1', '3777');
INSERT INTO `attendance` VALUES ('3756', '51', null, '1', '3777');
INSERT INTO `attendance` VALUES ('3757', '54', null, '1', '3777');
INSERT INTO `attendance` VALUES ('3758', '57', null, '1', '3777');
INSERT INTO `attendance` VALUES ('3759', '60', 'Absent', '2', '3777');
INSERT INTO `attendance` VALUES ('3760', '3', null, '1', '3798');
INSERT INTO `attendance` VALUES ('3761', '6', 'Absent', '2', '3798');
INSERT INTO `attendance` VALUES ('3762', '9', null, '1', '3798');
INSERT INTO `attendance` VALUES ('3763', '12', null, '1', '3798');
INSERT INTO `attendance` VALUES ('3764', '15', null, '1', '3798');
INSERT INTO `attendance` VALUES ('3765', '18', null, '1', '3798');
INSERT INTO `attendance` VALUES ('3766', '21', null, '1', '3798');
INSERT INTO `attendance` VALUES ('3767', '24', 'Absent', '2', '3798');
INSERT INTO `attendance` VALUES ('3768', '27', null, '1', '3798');
INSERT INTO `attendance` VALUES ('3769', '30', null, '1', '3798');
INSERT INTO `attendance` VALUES ('3770', '33', null, '1', '3798');
INSERT INTO `attendance` VALUES ('3771', '36', null, '1', '3798');
INSERT INTO `attendance` VALUES ('3772', '39', null, '1', '3798');
INSERT INTO `attendance` VALUES ('3773', '42', 'Absent', '2', '3798');
INSERT INTO `attendance` VALUES ('3774', '45', 'Absent', '2', '3798');
INSERT INTO `attendance` VALUES ('3775', '48', 'Absent', '2', '3798');
INSERT INTO `attendance` VALUES ('3776', '51', 'Absent', '2', '3798');
INSERT INTO `attendance` VALUES ('3777', '54', 'Absent', '2', '3798');
INSERT INTO `attendance` VALUES ('3778', '57', null, '1', '3798');
INSERT INTO `attendance` VALUES ('3779', '60', null, '1', '3798');
INSERT INTO `attendance` VALUES ('3780', '3', 'Absent', '2', '3819');
INSERT INTO `attendance` VALUES ('3781', '6', null, '1', '3819');
INSERT INTO `attendance` VALUES ('3782', '9', null, '1', '3819');
INSERT INTO `attendance` VALUES ('3783', '12', null, '1', '3819');
INSERT INTO `attendance` VALUES ('3784', '15', 'Absent', '2', '3819');
INSERT INTO `attendance` VALUES ('3785', '18', null, '1', '3819');
INSERT INTO `attendance` VALUES ('3786', '21', 'Absent', '2', '3819');
INSERT INTO `attendance` VALUES ('3787', '24', null, '1', '3819');
INSERT INTO `attendance` VALUES ('3788', '27', 'Absent', '2', '3819');
INSERT INTO `attendance` VALUES ('3789', '30', null, '1', '3819');
INSERT INTO `attendance` VALUES ('3790', '33', 'Absent', '2', '3819');
INSERT INTO `attendance` VALUES ('3791', '36', null, '1', '3819');
INSERT INTO `attendance` VALUES ('3792', '39', null, '1', '3819');
INSERT INTO `attendance` VALUES ('3793', '42', null, '1', '3819');
INSERT INTO `attendance` VALUES ('3794', '45', 'Absent', '2', '3819');
INSERT INTO `attendance` VALUES ('3795', '48', null, '1', '3819');
INSERT INTO `attendance` VALUES ('3796', '51', 'Absent', '2', '3819');
INSERT INTO `attendance` VALUES ('3797', '54', null, '1', '3819');
INSERT INTO `attendance` VALUES ('3798', '57', 'Absent', '2', '3819');
INSERT INTO `attendance` VALUES ('3799', '60', null, '1', '3819');
INSERT INTO `attendance` VALUES ('3800', '3', 'Absent', '2', '3840');
INSERT INTO `attendance` VALUES ('3801', '6', null, '1', '3840');
INSERT INTO `attendance` VALUES ('3802', '9', null, '1', '3840');
INSERT INTO `attendance` VALUES ('3803', '12', null, '1', '3840');
INSERT INTO `attendance` VALUES ('3804', '15', 'Absent', '2', '3840');
INSERT INTO `attendance` VALUES ('3805', '18', 'Absent', '2', '3840');
INSERT INTO `attendance` VALUES ('3806', '21', null, '1', '3840');
INSERT INTO `attendance` VALUES ('3807', '24', null, '1', '3840');
INSERT INTO `attendance` VALUES ('3808', '27', 'Absent', '2', '3840');
INSERT INTO `attendance` VALUES ('3809', '30', null, '1', '3840');
INSERT INTO `attendance` VALUES ('3810', '33', null, '1', '3840');
INSERT INTO `attendance` VALUES ('3811', '36', null, '1', '3840');
INSERT INTO `attendance` VALUES ('3812', '39', null, '1', '3840');
INSERT INTO `attendance` VALUES ('3813', '42', 'Absent', '2', '3840');
INSERT INTO `attendance` VALUES ('3814', '45', null, '1', '3840');
INSERT INTO `attendance` VALUES ('3815', '48', null, '1', '3840');
INSERT INTO `attendance` VALUES ('3816', '51', null, '1', '3840');
INSERT INTO `attendance` VALUES ('3817', '54', null, '1', '3840');
INSERT INTO `attendance` VALUES ('3818', '57', null, '1', '3840');
INSERT INTO `attendance` VALUES ('3819', '60', null, '1', '3840');
INSERT INTO `attendance` VALUES ('3820', '3', null, '1', '3861');
INSERT INTO `attendance` VALUES ('3821', '6', null, '1', '3861');
INSERT INTO `attendance` VALUES ('3822', '9', 'Absent', '2', '3861');
INSERT INTO `attendance` VALUES ('3823', '12', null, '1', '3861');
INSERT INTO `attendance` VALUES ('3824', '15', 'Absent', '2', '3861');
INSERT INTO `attendance` VALUES ('3825', '18', null, '1', '3861');
INSERT INTO `attendance` VALUES ('3826', '21', null, '1', '3861');
INSERT INTO `attendance` VALUES ('3827', '24', null, '1', '3861');
INSERT INTO `attendance` VALUES ('3828', '27', null, '1', '3861');
INSERT INTO `attendance` VALUES ('3829', '30', null, '1', '3861');
INSERT INTO `attendance` VALUES ('3830', '33', null, '1', '3861');
INSERT INTO `attendance` VALUES ('3831', '36', 'Absent', '2', '3861');
INSERT INTO `attendance` VALUES ('3832', '39', 'Absent', '2', '3861');
INSERT INTO `attendance` VALUES ('3833', '42', null, '1', '3861');
INSERT INTO `attendance` VALUES ('3834', '45', null, '1', '3861');
INSERT INTO `attendance` VALUES ('3835', '48', null, '1', '3861');
INSERT INTO `attendance` VALUES ('3836', '51', null, '1', '3861');
INSERT INTO `attendance` VALUES ('3837', '54', null, '1', '3861');
INSERT INTO `attendance` VALUES ('3838', '57', null, '1', '3861');
INSERT INTO `attendance` VALUES ('3839', '60', 'Absent', '2', '3861');
INSERT INTO `attendance` VALUES ('3840', '3', null, '1', '3882');
INSERT INTO `attendance` VALUES ('3841', '6', 'Absent', '2', '3882');
INSERT INTO `attendance` VALUES ('3842', '9', null, '1', '3882');
INSERT INTO `attendance` VALUES ('3843', '12', 'Absent', '2', '3882');
INSERT INTO `attendance` VALUES ('3844', '15', null, '1', '3882');
INSERT INTO `attendance` VALUES ('3845', '18', 'Absent', '2', '3882');
INSERT INTO `attendance` VALUES ('3846', '21', null, '1', '3882');
INSERT INTO `attendance` VALUES ('3847', '24', 'Absent', '2', '3882');
INSERT INTO `attendance` VALUES ('3848', '27', 'Absent', '2', '3882');
INSERT INTO `attendance` VALUES ('3849', '30', null, '1', '3882');
INSERT INTO `attendance` VALUES ('3850', '33', null, '1', '3882');
INSERT INTO `attendance` VALUES ('3851', '36', 'Absent', '2', '3882');
INSERT INTO `attendance` VALUES ('3852', '39', 'Absent', '2', '3882');
INSERT INTO `attendance` VALUES ('3853', '42', null, '1', '3882');
INSERT INTO `attendance` VALUES ('3854', '45', null, '1', '3882');
INSERT INTO `attendance` VALUES ('3855', '48', null, '1', '3882');
INSERT INTO `attendance` VALUES ('3856', '51', null, '1', '3882');
INSERT INTO `attendance` VALUES ('3857', '54', null, '1', '3882');
INSERT INTO `attendance` VALUES ('3858', '57', null, '1', '3882');
INSERT INTO `attendance` VALUES ('3859', '60', null, '1', '3882');
INSERT INTO `attendance` VALUES ('3860', '3', 'Absent', '2', '3903');
INSERT INTO `attendance` VALUES ('3861', '6', null, '1', '3903');
INSERT INTO `attendance` VALUES ('3862', '9', null, '1', '3903');
INSERT INTO `attendance` VALUES ('3863', '12', null, '1', '3903');
INSERT INTO `attendance` VALUES ('3864', '15', null, '1', '3903');
INSERT INTO `attendance` VALUES ('3865', '18', null, '1', '3903');
INSERT INTO `attendance` VALUES ('3866', '21', null, '1', '3903');
INSERT INTO `attendance` VALUES ('3867', '24', null, '1', '3903');
INSERT INTO `attendance` VALUES ('3868', '27', null, '1', '3903');
INSERT INTO `attendance` VALUES ('3869', '30', null, '1', '3903');
INSERT INTO `attendance` VALUES ('3870', '33', 'Absent', '2', '3903');
INSERT INTO `attendance` VALUES ('3871', '36', 'Absent', '2', '3903');
INSERT INTO `attendance` VALUES ('3872', '39', null, '1', '3903');
INSERT INTO `attendance` VALUES ('3873', '42', 'Absent', '2', '3903');
INSERT INTO `attendance` VALUES ('3874', '45', null, '1', '3903');
INSERT INTO `attendance` VALUES ('3875', '48', null, '1', '3903');
INSERT INTO `attendance` VALUES ('3876', '51', null, '1', '3903');
INSERT INTO `attendance` VALUES ('3877', '54', null, '1', '3903');
INSERT INTO `attendance` VALUES ('3878', '57', 'Absent', '2', '3903');
INSERT INTO `attendance` VALUES ('3879', '60', null, '1', '3903');
INSERT INTO `attendance` VALUES ('3880', '3', null, '1', '3924');
INSERT INTO `attendance` VALUES ('3881', '6', 'Absent', '2', '3924');
INSERT INTO `attendance` VALUES ('3882', '9', null, '1', '3924');
INSERT INTO `attendance` VALUES ('3883', '12', null, '1', '3924');
INSERT INTO `attendance` VALUES ('3884', '15', null, '1', '3924');
INSERT INTO `attendance` VALUES ('3885', '18', null, '1', '3924');
INSERT INTO `attendance` VALUES ('3886', '21', null, '1', '3924');
INSERT INTO `attendance` VALUES ('3887', '24', 'Absent', '2', '3924');
INSERT INTO `attendance` VALUES ('3888', '27', 'Absent', '2', '3924');
INSERT INTO `attendance` VALUES ('3889', '30', 'Absent', '2', '3924');
INSERT INTO `attendance` VALUES ('3890', '33', null, '1', '3924');
INSERT INTO `attendance` VALUES ('3891', '36', 'Absent', '2', '3924');
INSERT INTO `attendance` VALUES ('3892', '39', null, '1', '3924');
INSERT INTO `attendance` VALUES ('3893', '42', null, '1', '3924');
INSERT INTO `attendance` VALUES ('3894', '45', 'Absent', '2', '3924');
INSERT INTO `attendance` VALUES ('3895', '48', 'Absent', '2', '3924');
INSERT INTO `attendance` VALUES ('3896', '51', null, '1', '3924');
INSERT INTO `attendance` VALUES ('3897', '54', null, '1', '3924');
INSERT INTO `attendance` VALUES ('3898', '57', null, '1', '3924');
INSERT INTO `attendance` VALUES ('3899', '60', null, '1', '3924');

-- ----------------------------
-- Table structure for attendance_by
-- ----------------------------
DROP TABLE IF EXISTS `attendance_by`;
CREATE TABLE `attendance_by` (
  `id` int(11) NOT NULL AUTO_INCREMENT,
  `taken_dtt` datetime DEFAULT NULL,
  `taken_by` varchar(255) DEFAULT NULL,
  `course_schedule_id` int(11) DEFAULT NULL,
  PRIMARY KEY (`id`),
  KEY `taken_by` (`taken_by`),
  KEY `course_schedule_id` (`course_schedule_id`),
  CONSTRAINT `attendance_by_ibfk_1` FOREIGN KEY (`taken_by`) REFERENCES `person` (`user_name`) ON DELETE CASCADE ON UPDATE CASCADE,
  CONSTRAINT `attendance_by_ibfk_2` FOREIGN KEY (`course_schedule_id`) REFERENCES `course_schedule` (`id`) ON DELETE CASCADE ON UPDATE CASCADE
) ENGINE=InnoDB AUTO_INCREMENT=3925 DEFAULT CHARSET=latin1;

-- ----------------------------
-- Records of attendance_by
-- ----------------------------
INSERT INTO `attendance_by` VALUES ('1000', '2015-04-17 12:31:50', 'admin', '1');
INSERT INTO `attendance_by` VALUES ('1021', '2015-04-18 12:31:50', 'admin', '1');
INSERT INTO `attendance_by` VALUES ('1042', '2015-04-19 12:31:50', 'admin', '1');
INSERT INTO `attendance_by` VALUES ('1063', '2015-04-20 12:31:50', 'admin', '1');
INSERT INTO `attendance_by` VALUES ('1084', '2015-04-21 12:31:50', 'admin', '1');
INSERT INTO `attendance_by` VALUES ('1105', '2015-04-22 12:31:50', 'admin', '1');
INSERT INTO `attendance_by` VALUES ('1126', '2015-04-23 12:31:50', 'admin', '1');
INSERT INTO `attendance_by` VALUES ('1147', '2015-04-24 12:31:50', 'admin', '1');
INSERT INTO `attendance_by` VALUES ('1168', '2015-04-25 12:31:50', 'admin', '1');
INSERT INTO `attendance_by` VALUES ('1189', '2015-04-26 12:31:50', 'admin', '1');
INSERT INTO `attendance_by` VALUES ('1210', '2015-04-27 12:31:50', 'admin', '1');
INSERT INTO `attendance_by` VALUES ('1231', '2015-04-28 12:31:50', 'admin', '1');
INSERT INTO `attendance_by` VALUES ('1252', '2015-04-29 12:31:50', 'admin', '1');
INSERT INTO `attendance_by` VALUES ('1273', '2015-04-30 12:31:50', 'admin', '1');
INSERT INTO `attendance_by` VALUES ('1294', '2015-05-01 12:31:50', 'admin', '1');
INSERT INTO `attendance_by` VALUES ('1315', '2015-05-02 12:31:50', 'admin', '1');
INSERT INTO `attendance_by` VALUES ('1336', '2015-05-03 12:31:50', 'admin', '1');
INSERT INTO `attendance_by` VALUES ('1357', '2015-05-04 12:31:50', 'admin', '1');
INSERT INTO `attendance_by` VALUES ('1378', '2015-05-05 12:31:50', 'admin', '1');
INSERT INTO `attendance_by` VALUES ('1399', '2015-05-06 12:31:50', 'admin', '1');
INSERT INTO `attendance_by` VALUES ('1420', '2015-05-07 12:31:50', 'admin', '1');
INSERT INTO `attendance_by` VALUES ('1441', '2015-05-08 12:31:50', 'admin', '1');
INSERT INTO `attendance_by` VALUES ('1462', '2015-05-09 12:31:50', 'admin', '1');
INSERT INTO `attendance_by` VALUES ('1483', '2015-05-10 12:31:50', 'admin', '1');
INSERT INTO `attendance_by` VALUES ('1504', '2015-05-11 12:31:50', 'admin', '1');
INSERT INTO `attendance_by` VALUES ('1525', '2015-05-12 12:31:50', 'admin', '1');
INSERT INTO `attendance_by` VALUES ('1546', '2015-05-13 12:31:50', 'admin', '1');
INSERT INTO `attendance_by` VALUES ('1567', '2015-05-14 12:31:50', 'admin', '1');
INSERT INTO `attendance_by` VALUES ('1588', '2015-05-15 12:31:50', 'admin', '1');
INSERT INTO `attendance_by` VALUES ('1609', '2015-05-16 12:31:50', 'admin', '1');
INSERT INTO `attendance_by` VALUES ('1630', '2015-05-17 12:31:50', 'admin', '1');
INSERT INTO `attendance_by` VALUES ('1651', '2015-05-18 12:31:50', 'admin', '1');
INSERT INTO `attendance_by` VALUES ('1672', '2015-05-19 12:31:50', 'admin', '1');
INSERT INTO `attendance_by` VALUES ('1693', '2015-05-20 12:31:50', 'admin', '1');
INSERT INTO `attendance_by` VALUES ('1714', '2015-05-21 12:31:50', 'admin', '1');
INSERT INTO `attendance_by` VALUES ('1735', '2015-05-22 12:31:50', 'admin', '1');
INSERT INTO `attendance_by` VALUES ('1756', '2015-05-23 12:31:50', 'admin', '1');
INSERT INTO `attendance_by` VALUES ('1777', '2015-05-24 12:31:50', 'admin', '1');
INSERT INTO `attendance_by` VALUES ('1798', '2015-05-25 12:31:50', 'admin', '1');
INSERT INTO `attendance_by` VALUES ('1819', '2015-05-26 12:31:50', 'admin', '1');
INSERT INTO `attendance_by` VALUES ('1840', '2015-05-27 12:31:50', 'admin', '1');
INSERT INTO `attendance_by` VALUES ('1861', '2015-05-28 12:31:50', 'admin', '1');
INSERT INTO `attendance_by` VALUES ('1882', '2015-05-29 12:31:50', 'admin', '1');
INSERT INTO `attendance_by` VALUES ('1903', '2015-05-30 12:31:50', 'admin', '1');
INSERT INTO `attendance_by` VALUES ('1924', '2015-05-31 12:31:50', 'admin', '1');
INSERT INTO `attendance_by` VALUES ('2000', '2015-04-17 12:33:08', 'admin', '2');
INSERT INTO `attendance_by` VALUES ('2021', '2015-04-18 12:33:08', 'admin', '2');
INSERT INTO `attendance_by` VALUES ('2042', '2015-04-19 12:33:08', 'admin', '2');
INSERT INTO `attendance_by` VALUES ('2063', '2015-04-20 12:33:08', 'admin', '2');
INSERT INTO `attendance_by` VALUES ('2084', '2015-04-21 12:33:08', 'admin', '2');
INSERT INTO `attendance_by` VALUES ('2105', '2015-04-22 12:33:08', 'admin', '2');
INSERT INTO `attendance_by` VALUES ('2126', '2015-04-23 12:33:08', 'admin', '2');
INSERT INTO `attendance_by` VALUES ('2147', '2015-04-24 12:33:08', 'admin', '2');
INSERT INTO `attendance_by` VALUES ('2168', '2015-04-25 12:33:08', 'admin', '2');
INSERT INTO `attendance_by` VALUES ('2189', '2015-04-26 12:33:08', 'admin', '2');
INSERT INTO `attendance_by` VALUES ('2210', '2015-04-27 12:33:08', 'admin', '2');
INSERT INTO `attendance_by` VALUES ('2231', '2015-04-28 12:33:08', 'admin', '2');
INSERT INTO `attendance_by` VALUES ('2252', '2015-04-29 12:33:08', 'admin', '2');
INSERT INTO `attendance_by` VALUES ('2273', '2015-04-30 12:33:08', 'admin', '2');
INSERT INTO `attendance_by` VALUES ('2294', '2015-05-01 12:33:08', 'admin', '2');
INSERT INTO `attendance_by` VALUES ('2315', '2015-05-02 12:33:08', 'admin', '2');
INSERT INTO `attendance_by` VALUES ('2336', '2015-05-03 12:33:08', 'admin', '2');
INSERT INTO `attendance_by` VALUES ('2357', '2015-05-04 12:33:08', 'admin', '2');
INSERT INTO `attendance_by` VALUES ('2378', '2015-05-05 12:33:08', 'admin', '2');
INSERT INTO `attendance_by` VALUES ('2399', '2015-05-06 12:33:08', 'admin', '2');
INSERT INTO `attendance_by` VALUES ('2420', '2015-05-07 12:33:08', 'admin', '2');
INSERT INTO `attendance_by` VALUES ('2441', '2015-05-08 12:33:08', 'admin', '2');
INSERT INTO `attendance_by` VALUES ('2462', '2015-05-09 12:33:08', 'admin', '2');
INSERT INTO `attendance_by` VALUES ('2483', '2015-05-10 12:33:08', 'admin', '2');
INSERT INTO `attendance_by` VALUES ('2504', '2015-05-11 12:33:08', 'admin', '2');
INSERT INTO `attendance_by` VALUES ('2525', '2015-05-12 12:33:08', 'admin', '2');
INSERT INTO `attendance_by` VALUES ('2546', '2015-05-13 12:33:08', 'admin', '2');
INSERT INTO `attendance_by` VALUES ('2567', '2015-05-14 12:33:08', 'admin', '2');
INSERT INTO `attendance_by` VALUES ('2588', '2015-05-15 12:33:08', 'admin', '2');
INSERT INTO `attendance_by` VALUES ('2609', '2015-05-16 12:33:08', 'admin', '2');
INSERT INTO `attendance_by` VALUES ('2630', '2015-05-17 12:33:08', 'admin', '2');
INSERT INTO `attendance_by` VALUES ('2651', '2015-05-18 12:33:08', 'admin', '2');
INSERT INTO `attendance_by` VALUES ('2672', '2015-05-19 12:33:08', 'admin', '2');
INSERT INTO `attendance_by` VALUES ('2693', '2015-05-20 12:33:08', 'admin', '2');
INSERT INTO `attendance_by` VALUES ('2714', '2015-05-21 12:33:08', 'admin', '2');
INSERT INTO `attendance_by` VALUES ('2735', '2015-05-22 12:33:08', 'admin', '2');
INSERT INTO `attendance_by` VALUES ('2756', '2015-05-23 12:33:08', 'admin', '2');
INSERT INTO `attendance_by` VALUES ('2777', '2015-05-24 12:33:08', 'admin', '2');
INSERT INTO `attendance_by` VALUES ('2798', '2015-05-25 12:33:08', 'admin', '2');
INSERT INTO `attendance_by` VALUES ('2819', '2015-05-26 12:33:08', 'admin', '2');
INSERT INTO `attendance_by` VALUES ('2840', '2015-05-27 12:33:08', 'admin', '2');
INSERT INTO `attendance_by` VALUES ('2861', '2015-05-28 12:33:08', 'admin', '2');
INSERT INTO `attendance_by` VALUES ('2882', '2015-05-29 12:33:08', 'admin', '2');
INSERT INTO `attendance_by` VALUES ('2903', '2015-05-30 12:33:08', 'admin', '2');
INSERT INTO `attendance_by` VALUES ('2924', '2015-05-31 12:33:08', 'admin', '2');
INSERT INTO `attendance_by` VALUES ('3000', '2015-04-17 12:33:43', 'admin', '3');
INSERT INTO `attendance_by` VALUES ('3021', '2015-04-18 12:33:43', 'admin', '3');
INSERT INTO `attendance_by` VALUES ('3042', '2015-04-19 12:33:43', 'admin', '3');
INSERT INTO `attendance_by` VALUES ('3063', '2015-04-20 12:33:43', 'admin', '3');
INSERT INTO `attendance_by` VALUES ('3084', '2015-04-21 12:33:43', 'admin', '3');
INSERT INTO `attendance_by` VALUES ('3105', '2015-04-22 12:33:43', 'admin', '3');
INSERT INTO `attendance_by` VALUES ('3126', '2015-04-23 12:33:43', 'admin', '3');
INSERT INTO `attendance_by` VALUES ('3147', '2015-04-24 12:33:43', 'admin', '3');
INSERT INTO `attendance_by` VALUES ('3168', '2015-04-25 12:33:43', 'admin', '3');
INSERT INTO `attendance_by` VALUES ('3189', '2015-04-26 12:33:43', 'admin', '3');
INSERT INTO `attendance_by` VALUES ('3210', '2015-04-27 12:33:43', 'admin', '3');
INSERT INTO `attendance_by` VALUES ('3231', '2015-04-28 12:33:43', 'admin', '3');
INSERT INTO `attendance_by` VALUES ('3252', '2015-04-29 12:33:43', 'admin', '3');
INSERT INTO `attendance_by` VALUES ('3273', '2015-04-30 12:33:43', 'admin', '3');
INSERT INTO `attendance_by` VALUES ('3294', '2015-05-01 12:33:43', 'admin', '3');
INSERT INTO `attendance_by` VALUES ('3315', '2015-05-02 12:33:43', 'admin', '3');
INSERT INTO `attendance_by` VALUES ('3336', '2015-05-03 12:33:43', 'admin', '3');
INSERT INTO `attendance_by` VALUES ('3357', '2015-05-04 12:33:43', 'admin', '3');
INSERT INTO `attendance_by` VALUES ('3378', '2015-05-05 12:33:43', 'admin', '3');
INSERT INTO `attendance_by` VALUES ('3399', '2015-05-06 12:33:43', 'admin', '3');
INSERT INTO `attendance_by` VALUES ('3420', '2015-05-07 12:33:43', 'admin', '3');
INSERT INTO `attendance_by` VALUES ('3441', '2015-05-08 12:33:43', 'admin', '3');
INSERT INTO `attendance_by` VALUES ('3462', '2015-05-09 12:33:43', 'admin', '3');
INSERT INTO `attendance_by` VALUES ('3483', '2015-05-10 12:33:43', 'admin', '3');
INSERT INTO `attendance_by` VALUES ('3504', '2015-05-11 12:33:43', 'admin', '3');
INSERT INTO `attendance_by` VALUES ('3525', '2015-05-12 12:33:43', 'admin', '3');
INSERT INTO `attendance_by` VALUES ('3546', '2015-05-13 12:33:43', 'admin', '3');
INSERT INTO `attendance_by` VALUES ('3567', '2015-05-14 12:33:43', 'admin', '3');
INSERT INTO `attendance_by` VALUES ('3588', '2015-05-15 12:33:43', 'admin', '3');
INSERT INTO `attendance_by` VALUES ('3609', '2015-05-16 12:33:43', 'admin', '3');
INSERT INTO `attendance_by` VALUES ('3630', '2015-05-17 12:33:43', 'admin', '3');
INSERT INTO `attendance_by` VALUES ('3651', '2015-05-18 12:33:43', 'admin', '3');
INSERT INTO `attendance_by` VALUES ('3672', '2015-05-19 12:33:43', 'admin', '3');
INSERT INTO `attendance_by` VALUES ('3693', '2015-05-20 12:33:43', 'admin', '3');
INSERT INTO `attendance_by` VALUES ('3714', '2015-05-21 12:33:43', 'admin', '3');
INSERT INTO `attendance_by` VALUES ('3735', '2015-05-22 12:33:43', 'admin', '3');
INSERT INTO `attendance_by` VALUES ('3756', '2015-05-23 12:33:43', 'admin', '3');
INSERT INTO `attendance_by` VALUES ('3777', '2015-05-24 12:33:43', 'admin', '3');
INSERT INTO `attendance_by` VALUES ('3798', '2015-05-25 12:33:43', 'admin', '3');
INSERT INTO `attendance_by` VALUES ('3819', '2015-05-26 12:33:43', 'admin', '3');
INSERT INTO `attendance_by` VALUES ('3840', '2015-05-27 12:33:43', 'admin', '3');
INSERT INTO `attendance_by` VALUES ('3861', '2015-05-28 12:33:43', 'admin', '3');
INSERT INTO `attendance_by` VALUES ('3882', '2015-05-29 12:33:43', 'admin', '3');
INSERT INTO `attendance_by` VALUES ('3903', '2015-05-30 12:33:43', 'admin', '3');
INSERT INTO `attendance_by` VALUES ('3924', '2015-05-31 12:33:43', 'admin', '3');

-- ----------------------------
-- Table structure for contact
-- ----------------------------
DROP TABLE IF EXISTS `contact`;
CREATE TABLE `contact` (
  `id` int(11) NOT NULL AUTO_INCREMENT,
  `name` varchar(255) DEFAULT NULL,
  `phone` varchar(20) DEFAULT NULL,
  `home_phone` varchar(20) DEFAULT NULL,
  `address_line_1` varchar(255) DEFAULT NULL,
  `address_line_2` varchar(255) DEFAULT NULL,
  `apartment` varchar(255) DEFAULT NULL,
  `street` varchar(255) DEFAULT NULL,
  `city` varchar(255) DEFAULT NULL,
  `state` varchar(50) DEFAULT NULL,
  `country` varchar(255) DEFAULT NULL,
  `zip` int(10) DEFAULT NULL,
  `notes` varchar(255) DEFAULT NULL,
  PRIMARY KEY (`id`)
) ENGINE=InnoDB AUTO_INCREMENT=25 DEFAULT CHARSET=latin1;

-- ----------------------------
-- Records of contact
-- ----------------------------
INSERT INTO `contact` VALUES ('1', 'admin', '0000000000', '0000000000', 'test_data_al_1', 'test_data_al_2', 'test_data_apt', 'test_data_st', 'test_data_city', 'TEST', 'TEST', '0', 'test_notes');
INSERT INTO `contact` VALUES ('2', 'brock.sosa', '0000000000', '0000000000', 'test_data_al_1', 'test_data_al_2', 'test_data_apt', 'test_data_st', 'test_data_city', 'TEST', 'TEST', '0', 'test_notes');
INSERT INTO `contact` VALUES ('3', 'bruno.noble', '0000000000', '0000000000', 'test_data_al_1', 'test_data_al_2', 'test_data_apt', 'test_data_st', 'test_data_city', 'TEST', 'TEST', '0', 'test_notes');
INSERT INTO `contact` VALUES ('4', 'curran.roach', '0000000000', '0000000000', 'test_data_al_1', 'test_data_al_2', 'test_data_apt', 'test_data_st', 'test_data_city', 'TEST', 'TEST', '0', 'test_notes');
INSERT INTO `contact` VALUES ('5', 'ethan.flores', '0000000000', '0000000000', 'test_data_al_1', 'test_data_al_2', 'test_data_apt', 'test_data_st', 'test_data_city', 'TEST', 'TEST', '0', 'test_notes');
INSERT INTO `contact` VALUES ('6', 'evan.fitzpatrick', '0000000000', '0000000000', 'test_data_al_1', 'test_data_al_2', 'test_data_apt', 'test_data_st', 'test_data_city', 'TEST', 'TEST', '0', 'test_notes');
INSERT INTO `contact` VALUES ('7', 'gannon.pierce', '0000000000', '0000000000', 'test_data_al_1', 'test_data_al_2', 'test_data_apt', 'test_data_st', 'test_data_city', 'TEST', 'TEST', '0', 'test_notes');
INSERT INTO `contact` VALUES ('8', 'ivor.dejesus', '0000000000', '0000000000', 'test_data_al_1', 'test_data_al_2', 'test_data_apt', 'test_data_st', 'test_data_city', 'TEST', 'TEST', '0', 'test_notes');
INSERT INTO `contact` VALUES ('9', 'jamal.guzman', '0000000000', '0000000000', 'test_data_al_1', 'test_data_al_2', 'test_data_apt', 'test_data_st', 'test_data_city', 'TEST', 'TEST', '0', 'test_notes');
INSERT INTO `contact` VALUES ('10', 'jarrod.burch', '0000000000', '0000000000', 'test_data_al_1', 'test_data_al_2', 'test_data_apt', 'test_data_st', 'test_data_city', 'TEST', 'TEST', '0', 'test_notes');
INSERT INTO `contact` VALUES ('11', 'lee.stanton', '0000000000', '0000000000', 'test_data_al_1', 'test_data_al_2', 'test_data_apt', 'test_data_st', 'test_data_city', 'TEST', 'TEST', '0', 'test_notes');
INSERT INTO `contact` VALUES ('12', 'math_teacher', '0000000000', '0000000000', 'test_data_al_1', 'test_data_al_2', 'test_data_apt', 'test_data_st', 'test_data_city', 'TEST', 'TEST', '0', 'test_notes');
INSERT INTO `contact` VALUES ('13', 'nathan.ochoa', '0000000000', '0000000000', 'test_data_al_1', 'test_data_al_2', 'test_data_apt', 'test_data_st', 'test_data_city', 'TEST', 'TEST', '0', 'test_notes');
INSERT INTO `contact` VALUES ('14', 'neil.poole', '0000000000', '0000000000', 'test_data_al_1', 'test_data_al_2', 'test_data_apt', 'test_data_st', 'test_data_city', 'TEST', 'TEST', '0', 'test_notes');
INSERT INTO `contact` VALUES ('15', 'noble.keller', '0000000000', '0000000000', 'test_data_al_1', 'test_data_al_2', 'test_data_apt', 'test_data_st', 'test_data_city', 'TEST', 'TEST', '0', 'test_notes');
INSERT INTO `contact` VALUES ('16', 'oscar.wilkinson', '0000000000', '0000000000', 'test_data_al_1', 'test_data_al_2', 'test_data_apt', 'test_data_st', 'test_data_city', 'TEST', 'TEST', '0', 'test_notes');
INSERT INTO `contact` VALUES ('17', 'otto.stephenson', '0000000000', '0000000000', 'test_data_al_1', 'test_data_al_2', 'test_data_apt', 'test_data_st', 'test_data_city', 'TEST', 'TEST', '0', 'test_notes');
INSERT INTO `contact` VALUES ('18', 'perry.montgomery', '0000000000', '0000000000', 'test_data_al_1', 'test_data_al_2', 'test_data_apt', 'test_data_st', 'test_data_city', 'TEST', 'TEST', '0', 'test_notes');
INSERT INTO `contact` VALUES ('19', 'perry.pickett', '0000000000', '0000000000', 'test_data_al_1', 'test_data_al_2', 'test_data_apt', 'test_data_st', 'test_data_city', 'TEST', 'TEST', '0', 'test_notes');
INSERT INTO `contact` VALUES ('20', 'physics_teacher', '0000000000', '0000000000', 'test_data_al_1', 'test_data_al_2', 'test_data_apt', 'test_data_st', 'test_data_city', 'TEST', 'TEST', '0', 'test_notes');
INSERT INTO `contact` VALUES ('21', 'ray.cantrell', '0000000000', '0000000000', 'test_data_al_1', 'test_data_al_2', 'test_data_apt', 'test_data_st', 'test_data_city', 'TEST', 'TEST', '0', 'test_notes');
INSERT INTO `contact` VALUES ('22', 'science_teacher', '0000000000', '0000000000', 'test_data_al_1', 'test_data_al_2', 'test_data_apt', 'test_data_st', 'test_data_city', 'TEST', 'TEST', '0', 'test_notes');
INSERT INTO `contact` VALUES ('23', 'vaughan.white', '0000000000', '0000000000', 'test_data_al_1', 'test_data_al_2', 'test_data_apt', 'test_data_st', 'test_data_city', 'TEST', 'TEST', '0', 'test_notes');
INSERT INTO `contact` VALUES ('24', 'walter.kaufman', '0000000000', '0000000000', 'test_data_al_1', 'test_data_al_2', 'test_data_apt', 'test_data_st', 'test_data_city', 'TEST', 'TEST', '0', 'test_notes');

-- ----------------------------
-- Table structure for course
-- ----------------------------
DROP TABLE IF EXISTS `course`;
CREATE TABLE `course` (
  `id` int(11) NOT NULL AUTO_INCREMENT,
  `name` varchar(255) DEFAULT NULL,
  `dept` varchar(255) DEFAULT NULL,
  `description` varchar(255) DEFAULT NULL,
  `credits` tinyint(1) DEFAULT NULL,
  `academic_year` date DEFAULT NULL,
  PRIMARY KEY (`id`)
) ENGINE=InnoDB AUTO_INCREMENT=4 DEFAULT CHARSET=latin1;

-- ----------------------------
-- Records of course
-- ----------------------------
INSERT INTO `course` VALUES ('1', 'Physics K10', 'Physics', null, '3', '2015-04-10');
INSERT INTO `course` VALUES ('2', 'Math K10', 'Math', null, '4', '2015-04-10');
INSERT INTO `course` VALUES ('3', 'Science K10', 'Science ', null, '3', '2015-04-10');

-- ----------------------------
-- Table structure for course_schedule
-- ----------------------------
DROP TABLE IF EXISTS `course_schedule`;
CREATE TABLE `course_schedule` (
  `id` int(11) NOT NULL AUTO_INCREMENT,
  `course_id` int(11) DEFAULT NULL,
  `instructor_user_name` varchar(255) DEFAULT NULL,
  `status` tinyint(1) DEFAULT NULL,
  `term` varchar(25) DEFAULT NULL,
  `start_dt` date DEFAULT NULL,
  `end_dt` date DEFAULT NULL,
  `start_time` time DEFAULT NULL,
  `end_time` time DEFAULT NULL,
  `room_no` varchar(50) DEFAULT NULL,
  `future_use` varchar(1000) DEFAULT NULL,
  `notes` varchar(1000) DEFAULT NULL,
  PRIMARY KEY (`id`),
  KEY `course_fk` (`course_id`),
  KEY `instructor_id_fk` (`instructor_user_name`),
  CONSTRAINT `course_schedule_ibfk_1` FOREIGN KEY (`instructor_user_name`) REFERENCES `staff` (`user_name`) ON DELETE CASCADE ON UPDATE CASCADE,
  CONSTRAINT `course_schedule_ibfk_2` FOREIGN KEY (`course_id`) REFERENCES `course` (`id`) ON DELETE CASCADE ON UPDATE CASCADE
) ENGINE=InnoDB AUTO_INCREMENT=4 DEFAULT CHARSET=latin1;

-- ----------------------------
-- Records of course_schedule
-- ----------------------------
INSERT INTO `course_schedule` VALUES ('1', '1', 'physics_teacher', '1', 'spring', '2015-01-12', '2015-05-09', '16:00:00', '18:00:00', 'BU 102', 'MN,WE', null);
INSERT INTO `course_schedule` VALUES ('2', '2', 'math_teacher', '1', 'spring', '2015-01-12', '2015-05-09', '16:00:00', '18:00:00', 'BU 103', 'TU,TH', null);
INSERT INTO `course_schedule` VALUES ('3', '3', 'science_teacher', '1', 'spring', '2015-01-12', '2015-05-09', '18:00:00', '19:30:00', 'BU 102', 'MN,WE,FR', null);

-- ----------------------------
-- Table structure for person
-- ----------------------------
DROP TABLE IF EXISTS `person`;
CREATE TABLE `person` (
  `user_name` varchar(255) NOT NULL,
  `id` varchar(50) NOT NULL DEFAULT '',
  `f_name` varchar(255) DEFAULT NULL,
  `m_name` varchar(255) DEFAULT NULL,
  `l_name` varchar(255) DEFAULT NULL,
  `prefix` varchar(255) DEFAULT NULL,
  `suffix` varchar(255) DEFAULT NULL,
  `dob` datetime DEFAULT NULL,
  `height` float DEFAULT NULL COMMENT 'feet units',
  `weight` float DEFAULT NULL COMMENT 'in lbs',
  `race` varchar(100) DEFAULT NULL,
  `eye_color` tinyint(1) DEFAULT NULL COMMENT '1 - black, 2 - blue, 3 - green, 4 - brown',
  `hair_color` tinyint(1) DEFAULT NULL COMMENT '1 - black, 2 - blonde,3 - red, 4 - brown, 5 - other',
  `sex` bit(1) DEFAULT NULL COMMENT '0 - female , 1 - male , null - unknown',
  `picture_uri` varchar(1000) DEFAULT NULL,
  `ssn` int(9) DEFAULT NULL,
  `joining_dtt` datetime DEFAULT NULL,
  `contact` int(11) DEFAULT NULL,
  `emr_contact` int(11) DEFAULT NULL,
  PRIMARY KEY (`user_name`),
  KEY `user_name_fk` (`user_name`),
  KEY `contact_fk` (`contact`),
  KEY `emr_contact_fk` (`emr_contact`),
  CONSTRAINT `person_ibfk_1` FOREIGN KEY (`user_name`) REFERENCES `user` (`user_name`) ON DELETE CASCADE ON UPDATE CASCADE,
  CONSTRAINT `person_ibfk_2` FOREIGN KEY (`contact`) REFERENCES `contact` (`id`) ON DELETE CASCADE ON UPDATE CASCADE,
  CONSTRAINT `person_ibfk_3` FOREIGN KEY (`emr_contact`) REFERENCES `contact` (`id`) ON DELETE CASCADE ON UPDATE CASCADE
) ENGINE=InnoDB DEFAULT CHARSET=latin1;

-- ----------------------------
-- Records of person
-- ----------------------------
INSERT INTO `person` VALUES ('admin', '12133133', 'Venkat', 'SPS', 'Maridu', 'Mr', null, '1989-06-28 17:29:03', '5.9', '190', 'indian', '1', '1', '', null, '123456789', '2014-07-17 17:30:18', '1', null);
INSERT INTO `person` VALUES ('brock.sosa', '', 'Sosa', null, 'Brock', null, null, null, null, null, null, null, null, null, null, null, null, '2', null);
INSERT INTO `person` VALUES ('bruno.noble', '', 'bruno', null, 'noble', null, null, null, null, null, null, null, null, null, null, null, null, '3', null);
INSERT INTO `person` VALUES ('curran.roach', '', 'curran', null, 'roach', null, null, null, null, null, null, null, null, null, null, null, null, '4', null);
INSERT INTO `person` VALUES ('ethan.flores', '', 'ethan', null, 'flores', null, null, null, null, null, null, null, null, null, null, null, null, '5', null);
INSERT INTO `person` VALUES ('evan.fitzpatrick', '', 'evan', null, 'fitzpatrick', null, null, null, null, null, null, null, null, null, null, null, null, '6', null);
INSERT INTO `person` VALUES ('gannon.pierce', '', 'gannon', null, 'pierce', null, null, null, null, null, null, null, null, null, null, null, null, '7', null);
INSERT INTO `person` VALUES ('ivor.dejesus', '', 'ivor', null, 'dejesus', null, null, null, null, null, null, null, null, null, null, null, null, '8', null);
INSERT INTO `person` VALUES ('jamal.guzman', '', 'jamal', null, 'guzman', null, null, null, null, null, null, null, null, null, null, null, null, '9', null);
INSERT INTO `person` VALUES ('jarrod.burch', '', 'jarrod', null, 'burch', null, null, null, null, null, null, null, null, null, null, null, null, '10', null);
INSERT INTO `person` VALUES ('lee.stanton', '', 'lee', null, 'stanton', null, null, null, null, null, null, null, null, null, null, null, null, '12', null);
INSERT INTO `person` VALUES ('math_teacher', '12133133', 'Kirt', 'A', 'Harrison', 'Mr', null, '1989-06-28 17:29:03', '5.9', '190', null, '1', '1', '', null, '123456789', '2014-07-17 17:30:18', '13', null);
INSERT INTO `person` VALUES ('nathan.ochoa', '', 'nathan', null, 'ochoa', null, null, null, null, null, null, null, null, null, null, null, null, '14', null);
INSERT INTO `person` VALUES ('neil.poole', '', 'neil', null, 'poole', null, null, null, null, null, null, null, null, null, null, null, null, '15', null);
INSERT INTO `person` VALUES ('noble.keller', '', 'noble', null, 'keller', null, null, null, null, null, null, null, null, null, null, null, null, '16', null);
INSERT INTO `person` VALUES ('oscar.wilkinson', '', 'oscar', null, 'wilkinson', null, null, null, null, null, null, null, null, null, null, null, null, '17', null);
INSERT INTO `person` VALUES ('otto.stephenson', '', 'otto', null, 'stephenson', null, null, null, null, null, null, null, null, null, null, null, null, '18', null);
INSERT INTO `person` VALUES ('perry.montgomery', '', 'Sosa', null, 'montgomery', null, null, null, null, null, null, null, null, null, null, null, null, '19', null);
INSERT INTO `person` VALUES ('perry.pickett', '', 'perry', null, 'pickett', null, null, null, null, null, null, null, null, null, null, null, null, '20', null);
INSERT INTO `person` VALUES ('physics_teacher', '12133133', 'Ken', 'B', 'Watson', 'Mr', null, '1989-06-28 17:29:03', '5.9', '190', null, '1', '1', '', null, '123456789', '2014-07-17 17:30:18', '21', null);
INSERT INTO `person` VALUES ('ray.cantrell', '', 'ray', null, 'cantrell', null, null, null, null, null, null, null, null, null, null, null, null, '22', null);
INSERT INTO `person` VALUES ('science_teacher', '12133133', 'Mina', 'G', 'Siedel', 'Mr', null, '1989-06-28 17:29:03', '5.2', '190', null, '1', '1', '\0', null, '123456789', '2014-07-17 17:30:18', '23', null);
INSERT INTO `person` VALUES ('vaughan.white', '', 'vaughan', null, 'white', null, null, null, null, null, null, null, null, null, null, null, null, '24', null);
INSERT INTO `person` VALUES ('walter.kaufman', '', 'walter', null, 'kaufman', null, null, null, null, null, null, null, null, null, null, null, null, '24', null);

-- ----------------------------
-- Table structure for role
-- ----------------------------
DROP TABLE IF EXISTS `role`;
CREATE TABLE `role` (
  `id` int(11) NOT NULL,
  `name` varchar(255) NOT NULL,
  PRIMARY KEY (`id`)
) ENGINE=InnoDB DEFAULT CHARSET=latin1;

-- ----------------------------
-- Records of role
-- ----------------------------
INSERT INTO `role` VALUES ('1', 'ROLE_ADMIN');
INSERT INTO `role` VALUES ('2', 'ROLE_STAFF');
INSERT INTO `role` VALUES ('3', 'ROLE_STUDENT');

-- ----------------------------
-- Table structure for school_schedule
-- ----------------------------
DROP TABLE IF EXISTS `school_schedule`;
CREATE TABLE `school_schedule` (
  `id` int(11) NOT NULL AUTO_INCREMENT,
  `event_name` varchar(255) DEFAULT NULL,
  `status` tinyint(1) DEFAULT NULL,
  `start_dtt` datetime DEFAULT NULL,
  `end_dtt` datetime DEFAULT NULL,
  `annonced_by` varchar(255) DEFAULT NULL,
  PRIMARY KEY (`id`)
) ENGINE=InnoDB DEFAULT CHARSET=latin1;

-- ----------------------------
-- Records of school_schedule
-- ----------------------------

-- ----------------------------
-- Table structure for staff
-- ----------------------------
DROP TABLE IF EXISTS `staff`;
CREATE TABLE `staff` (
  `user_name` varchar(255) NOT NULL,
  `status` tinyint(1) DEFAULT NULL,
  `designation` varchar(255) DEFAULT NULL,
  `future_use` varchar(1000) DEFAULT NULL,
  `notes` varchar(255) DEFAULT NULL,
  PRIMARY KEY (`user_name`),
  CONSTRAINT `staff_ibfk_1` FOREIGN KEY (`user_name`) REFERENCES `person` (`user_name`) ON DELETE CASCADE ON UPDATE CASCADE
) ENGINE=InnoDB DEFAULT CHARSET=latin1;

-- ----------------------------
-- Records of staff
-- ----------------------------
INSERT INTO `staff` VALUES ('admin', '1', '', null, null);
INSERT INTO `staff` VALUES ('math_teacher', '1', null, null, null);
INSERT INTO `staff` VALUES ('physics_teacher', '1', null, null, null);
INSERT INTO `staff` VALUES ('science_teacher', '1', null, null, null);

-- ----------------------------
-- Table structure for student
-- ----------------------------
DROP TABLE IF EXISTS `student`;
CREATE TABLE `student` (
  `user_name` varchar(255) NOT NULL,
  `status` tinyint(1) DEFAULT NULL,
  `parent_email` varchar(255) DEFAULT NULL,
  `future_use` varchar(1000) DEFAULT NULL,
  `level` varchar(255) DEFAULT NULL COMMENT 'class name,grade_type',
  PRIMARY KEY (`user_name`),
  CONSTRAINT `student_ibfk_1` FOREIGN KEY (`user_name`) REFERENCES `person` (`user_name`) ON DELETE CASCADE ON UPDATE CASCADE
) ENGINE=InnoDB DEFAULT CHARSET=latin1;

-- ----------------------------
-- Records of student
-- ----------------------------
INSERT INTO `student` VALUES ('brock.sosa', '1', null, null, '');
INSERT INTO `student` VALUES ('bruno.noble', '1', null, null, '');
INSERT INTO `student` VALUES ('curran.roach', '1', null, null, '');
INSERT INTO `student` VALUES ('ethan.flores', '1', null, null, '');
INSERT INTO `student` VALUES ('evan.fitzpatrick', '1', null, null, '');
INSERT INTO `student` VALUES ('gannon.pierce', '1', null, null, '');
INSERT INTO `student` VALUES ('ivor.dejesus', '1', null, null, '');
INSERT INTO `student` VALUES ('jamal.guzman', '1', null, null, '');
INSERT INTO `student` VALUES ('jarrod.burch', '1', null, null, '');
INSERT INTO `student` VALUES ('lee.stanton', '1', null, null, '');
INSERT INTO `student` VALUES ('nathan.ochoa', '1', null, null, '');
INSERT INTO `student` VALUES ('neil.poole', '1', null, null, '');
INSERT INTO `student` VALUES ('noble.keller', '1', null, null, '');
INSERT INTO `student` VALUES ('oscar.wilkinson', '1', null, null, '');
INSERT INTO `student` VALUES ('otto.stephenson', '1', null, null, '');
INSERT INTO `student` VALUES ('perry.montgomery', '1', null, null, '');
INSERT INTO `student` VALUES ('perry.pickett', '1', null, null, '');
INSERT INTO `student` VALUES ('ray.cantrell', '1', null, null, '');
INSERT INTO `student` VALUES ('vaughan.white', '1', null, null, '');
INSERT INTO `student` VALUES ('walter.kaufman', '1', null, null, '');

-- ----------------------------
-- Table structure for student_course_enrollment
-- ----------------------------
DROP TABLE IF EXISTS `student_course_enrollment`;
CREATE TABLE `student_course_enrollment` (
  `id` int(11) NOT NULL AUTO_INCREMENT,
  `course_schedule_id` int(11) DEFAULT NULL,
  `student_user_name` varchar(255) DEFAULT NULL,
  `enrolled_dtt` datetime DEFAULT NULL,
  `status` tinyint(1) DEFAULT NULL,
  `grade` varchar(10) DEFAULT NULL,
  `graded_dtt` datetime DEFAULT NULL,
  PRIMARY KEY (`id`),
  KEY `course_schedule_id_fk` (`course_schedule_id`),
  KEY `student_id_fk_2` (`student_user_name`),
  CONSTRAINT `student_course_enrollment_ibfk_1` FOREIGN KEY (`student_user_name`) REFERENCES `student` (`user_name`) ON DELETE CASCADE ON UPDATE CASCADE,
  CONSTRAINT `student_course_enrollment_ibfk_2` FOREIGN KEY (`course_schedule_id`) REFERENCES `course_schedule` (`id`) ON DELETE CASCADE ON UPDATE CASCADE
) ENGINE=InnoDB AUTO_INCREMENT=61 DEFAULT CHARSET=latin1;

-- ----------------------------
-- Records of student_course_enrollment
-- ----------------------------
INSERT INTO `student_course_enrollment` VALUES ('1', '1', 'brock.sosa', '2015-01-02 03:05:29', '1', '', null);
INSERT INTO `student_course_enrollment` VALUES ('2', '2', 'brock.sosa', '2015-01-02 03:05:29', '1', null, null);
INSERT INTO `student_course_enrollment` VALUES ('3', '3', 'brock.sosa', '2015-01-02 03:05:29', '1', null, null);
INSERT INTO `student_course_enrollment` VALUES ('4', '1', 'curran.roach', '2015-01-02 03:05:29', '1', '', null);
INSERT INTO `student_course_enrollment` VALUES ('5', '2', 'curran.roach', '2015-01-02 03:05:29', '1', null, null);
INSERT INTO `student_course_enrollment` VALUES ('6', '3', 'curran.roach', '2015-01-02 03:05:29', '1', null, null);
INSERT INTO `student_course_enrollment` VALUES ('7', '1', 'ethan.flores', '2015-01-02 03:05:29', '1', '', null);
INSERT INTO `student_course_enrollment` VALUES ('8', '2', 'ethan.flores', '2015-01-02 03:05:29', '1', null, null);
INSERT INTO `student_course_enrollment` VALUES ('9', '3', 'ethan.flores', '2015-01-02 03:05:29', '1', null, null);
INSERT INTO `student_course_enrollment` VALUES ('10', '1', 'jarrod.burch', '2015-01-02 03:05:29', '1', '', null);
INSERT INTO `student_course_enrollment` VALUES ('11', '2', 'jarrod.burch', '2015-01-02 03:05:29', '1', null, null);
INSERT INTO `student_course_enrollment` VALUES ('12', '3', 'jarrod.burch', '2015-01-02 03:05:29', '1', null, null);
INSERT INTO `student_course_enrollment` VALUES ('13', '1', 'ivor.dejesus', '2015-01-02 03:05:29', '1', '', null);
INSERT INTO `student_course_enrollment` VALUES ('14', '2', 'ivor.dejesus', '2015-01-02 03:05:29', '1', null, null);
INSERT INTO `student_course_enrollment` VALUES ('15', '3', 'ivor.dejesus', '2015-01-02 03:05:29', '1', null, null);
INSERT INTO `student_course_enrollment` VALUES ('16', '1', 'jamal.guzman', '2015-01-02 03:05:29', '1', '', null);
INSERT INTO `student_course_enrollment` VALUES ('17', '2', 'jamal.guzman', '2015-01-02 03:05:29', '1', null, null);
INSERT INTO `student_course_enrollment` VALUES ('18', '3', 'jamal.guzman', '2015-01-02 03:05:29', '1', null, null);
INSERT INTO `student_course_enrollment` VALUES ('19', '1', 'vaughan.white', '2015-01-02 03:05:29', '1', '', null);
INSERT INTO `student_course_enrollment` VALUES ('20', '2', 'vaughan.white', '2015-01-02 03:05:29', '1', null, null);
INSERT INTO `student_course_enrollment` VALUES ('21', '3', 'vaughan.white', '2015-01-02 03:05:29', '1', null, null);
INSERT INTO `student_course_enrollment` VALUES ('22', '1', 'perry.pickett', '2015-01-02 03:05:29', '1', '', null);
INSERT INTO `student_course_enrollment` VALUES ('23', '2', 'perry.pickett', '2015-01-02 03:05:29', '1', null, null);
INSERT INTO `student_course_enrollment` VALUES ('24', '3', 'perry.pickett', '2015-01-02 03:05:29', '1', null, null);
INSERT INTO `student_course_enrollment` VALUES ('25', '1', 'lee.stanton', '2015-01-02 03:05:29', '1', '', null);
INSERT INTO `student_course_enrollment` VALUES ('26', '2', 'lee.stanton', '2015-01-02 03:05:29', '1', null, null);
INSERT INTO `student_course_enrollment` VALUES ('27', '3', 'lee.stanton', '2015-01-02 03:05:29', '1', null, null);
INSERT INTO `student_course_enrollment` VALUES ('28', '1', 'walter.kaufman', '2015-01-02 03:05:29', '1', '', null);
INSERT INTO `student_course_enrollment` VALUES ('29', '2', 'walter.kaufman', '2015-01-02 03:05:29', '1', null, null);
INSERT INTO `student_course_enrollment` VALUES ('30', '3', 'walter.kaufman', '2015-01-02 03:05:29', '1', null, null);
INSERT INTO `student_course_enrollment` VALUES ('31', '1', 'bruno.noble', '2015-01-02 03:05:29', '1', '', null);
INSERT INTO `student_course_enrollment` VALUES ('32', '2', 'bruno.noble', '2015-01-02 03:05:29', '1', null, null);
INSERT INTO `student_course_enrollment` VALUES ('33', '3', 'bruno.noble', '2015-01-02 03:05:29', '1', null, null);
INSERT INTO `student_course_enrollment` VALUES ('34', '1', 'otto.stephenson', '2015-01-02 03:05:29', '1', '', null);
INSERT INTO `student_course_enrollment` VALUES ('35', '2', 'otto.stephenson', '2015-01-02 03:05:29', '1', null, null);
INSERT INTO `student_course_enrollment` VALUES ('36', '3', 'otto.stephenson', '2015-01-02 03:05:29', '1', null, null);
INSERT INTO `student_course_enrollment` VALUES ('37', '1', 'nathan.ochoa', '2015-01-02 03:05:29', '1', '', null);
INSERT INTO `student_course_enrollment` VALUES ('38', '2', 'nathan.ochoa', '2015-01-02 03:05:29', '1', null, null);
INSERT INTO `student_course_enrollment` VALUES ('39', '3', 'nathan.ochoa', '2015-01-02 03:05:29', '1', null, null);
INSERT INTO `student_course_enrollment` VALUES ('40', '1', 'ray.cantrell', '2015-01-02 03:05:29', '1', '', null);
INSERT INTO `student_course_enrollment` VALUES ('41', '2', 'ray.cantrell', '2015-01-02 03:05:29', '1', null, null);
INSERT INTO `student_course_enrollment` VALUES ('42', '3', 'ray.cantrell', '2015-01-02 03:05:29', '1', null, null);
INSERT INTO `student_course_enrollment` VALUES ('43', '1', 'noble.keller', '2015-01-02 03:05:29', '1', '', null);
INSERT INTO `student_course_enrollment` VALUES ('44', '2', 'noble.keller', '2015-01-02 03:05:29', '1', null, null);
INSERT INTO `student_course_enrollment` VALUES ('45', '3', 'noble.keller', '2015-01-02 03:05:29', '1', null, null);
INSERT INTO `student_course_enrollment` VALUES ('46', '1', 'gannon.pierce', '2015-01-02 03:05:29', '1', '', null);
INSERT INTO `student_course_enrollment` VALUES ('47', '2', 'gannon.pierce', '2015-01-02 03:05:29', '1', null, null);
INSERT INTO `student_course_enrollment` VALUES ('48', '3', 'gannon.pierce', '2015-01-02 03:05:29', '1', null, null);
INSERT INTO `student_course_enrollment` VALUES ('49', '1', 'evan.fitzpatrick', '2015-01-02 03:05:29', '1', '', null);
INSERT INTO `student_course_enrollment` VALUES ('50', '2', 'evan.fitzpatrick', '2015-01-02 03:05:29', '1', null, null);
INSERT INTO `student_course_enrollment` VALUES ('51', '3', 'evan.fitzpatrick', '2015-01-02 03:05:29', '1', null, null);
INSERT INTO `student_course_enrollment` VALUES ('52', '1', 'perry.montgomery', '2015-01-02 03:05:29', '1', '', null);
INSERT INTO `student_course_enrollment` VALUES ('53', '2', 'perry.montgomery', '2015-01-02 03:05:29', '1', null, null);
INSERT INTO `student_course_enrollment` VALUES ('54', '3', 'perry.montgomery', '2015-01-02 03:05:29', '1', null, null);
INSERT INTO `student_course_enrollment` VALUES ('55', '1', 'neil.poole', '2015-01-02 03:05:29', '1', '', null);
INSERT INTO `student_course_enrollment` VALUES ('56', '2', 'neil.poole', '2015-01-02 03:05:29', '1', null, null);
INSERT INTO `student_course_enrollment` VALUES ('57', '3', 'neil.poole', '2015-01-02 03:05:29', '1', null, null);
INSERT INTO `student_course_enrollment` VALUES ('58', '1', 'oscar.wilkinson', '2015-06-02 12:10:54', '1', null, null);
INSERT INTO `student_course_enrollment` VALUES ('59', '2', 'oscar.wilkinson', '2015-06-02 12:10:54', '1', null, null);
INSERT INTO `student_course_enrollment` VALUES ('60', '3', 'oscar.wilkinson', '2015-06-02 12:10:54', '1', null, null);

-- ----------------------------
-- Table structure for user
-- ----------------------------
DROP TABLE IF EXISTS `user`;
CREATE TABLE `user` (
  `user_name` varchar(255) NOT NULL,
  `password` varchar(500) NOT NULL COMMENT 'md5',
  `password_salt` varchar(255) DEFAULT NULL,
  `active` tinyint(1) NOT NULL COMMENT '0 - inactive , 1 - active, 2 - blocked, 3 - temp_blocked',
  `e_mail` varchar(255) DEFAULT NULL,
  `last_access_dtt` datetime DEFAULT NULL,
  `credentials_expire_dtt` datetime DEFAULT NULL,
  `account_expire_dtt` datetime DEFAULT NULL,
  PRIMARY KEY (`user_name`)
) ENGINE=InnoDB DEFAULT CHARSET=latin1;

-- ----------------------------
-- Records of user
-- ----------------------------
INSERT INTO `user` VALUES ('admin', '$2a$10$9.atRfnAZPzacyoxYEPP2uM1tY0BcizuAxmuFLcPqDVznehOCGcEi', '', '1', 'admin@mc2-sms.edu', '2015-04-10 16:27:25', null, null);
INSERT INTO `user` VALUES ('brock.sosa', '$2a$10$9.atRfnAZPzacyoxYEPP2uM1tY0BcizuAxmuFLcPqDVznehOCGcEi', null, '1', 'brock.sosa@mc2-sms.edu', '2015-04-10 16:30:02', null, null);
INSERT INTO `user` VALUES ('bruno.noble', '$2a$10$9.atRfnAZPzacyoxYEPP2uM1tY0BcizuAxmuFLcPqDVznehOCGcEi', null, '1', 'bruno.noble@mc2-sms.edu', '2015-04-10 16:30:02', null, null);
INSERT INTO `user` VALUES ('curran.roach', '$2a$10$9.atRfnAZPzacyoxYEPP2uM1tY0BcizuAxmuFLcPqDVznehOCGcEi', null, '1', 'curran.roach@mc2-sms.edu', '2015-04-10 16:30:02', null, null);
INSERT INTO `user` VALUES ('ethan.flores', '$2a$10$9.atRfnAZPzacyoxYEPP2uM1tY0BcizuAxmuFLcPqDVznehOCGcEi', null, '1', 'ethan.flores@mc2-sms.edu', '2015-04-10 16:30:02', null, null);
INSERT INTO `user` VALUES ('evan.fitzpatrick', '$2a$10$9.atRfnAZPzacyoxYEPP2uM1tY0BcizuAxmuFLcPqDVznehOCGcEi', null, '1', 'evan.fitzpatrick@mc2-sms.edu', '2015-04-10 16:30:02', null, null);
INSERT INTO `user` VALUES ('gannon.pierce', '$2a$10$9.atRfnAZPzacyoxYEPP2uM1tY0BcizuAxmuFLcPqDVznehOCGcEi', null, '1', 'gannon.pierce@mc2-sms.edu', '2015-04-10 16:30:02', null, null);
INSERT INTO `user` VALUES ('ivor.dejesus', '$2a$10$9.atRfnAZPzacyoxYEPP2uM1tY0BcizuAxmuFLcPqDVznehOCGcEi', null, '1', 'ivor.dejesus@mc2-sms.edu', '2015-04-10 16:30:02', null, null);
INSERT INTO `user` VALUES ('jamal.guzman', '$2a$10$9.atRfnAZPzacyoxYEPP2uM1tY0BcizuAxmuFLcPqDVznehOCGcEi', null, '1', 'jamal.guzman@mc2-sms.edu', '2015-04-10 16:30:02', null, null);
INSERT INTO `user` VALUES ('jarrod.burch', '$2a$10$9.atRfnAZPzacyoxYEPP2uM1tY0BcizuAxmuFLcPqDVznehOCGcEi', null, '1', 'jarrod.burch@mc2-sms.edu', '2015-04-10 16:30:02', null, null);
INSERT INTO `user` VALUES ('lee.stanton', '$2a$10$9.atRfnAZPzacyoxYEPP2uM1tY0BcizuAxmuFLcPqDVznehOCGcEi', null, '1', 'lee.stanton@mc2-sms.edu', '2015-04-10 16:30:02', null, null);
INSERT INTO `user` VALUES ('math_teacher', '$2a$10$9.atRfnAZPzacyoxYEPP2uM1tY0BcizuAxmuFLcPqDVznehOCGcEi', null, '1', 'math_teacher@mc2-sms.edu', '2015-04-10 16:29:08', null, null);
INSERT INTO `user` VALUES ('nathan.ochoa', '$2a$10$9.atRfnAZPzacyoxYEPP2uM1tY0BcizuAxmuFLcPqDVznehOCGcEi', null, '1', 'nathan.ochoa@mc2-sms.edu', '2015-04-10 16:30:02', null, null);
INSERT INTO `user` VALUES ('neil.poole', '$2a$10$9.atRfnAZPzacyoxYEPP2uM1tY0BcizuAxmuFLcPqDVznehOCGcEi', null, '1', 'neil.poole@mc2-sms.edu', '2015-04-10 16:30:02', null, null);
INSERT INTO `user` VALUES ('noble.keller', '$2a$10$9.atRfnAZPzacyoxYEPP2uM1tY0BcizuAxmuFLcPqDVznehOCGcEi', null, '1', 'noble.keller@mc2-sms.edu', '2015-04-10 16:30:02', null, null);
INSERT INTO `user` VALUES ('oscar.wilkinson', '$2a$10$9.atRfnAZPzacyoxYEPP2uM1tY0BcizuAxmuFLcPqDVznehOCGcEi', null, '1', 'oscar.wilkinson@mc2-sms.edu', '2015-04-10 16:30:02', null, null);
INSERT INTO `user` VALUES ('otto.stephenson', '$2a$10$9.atRfnAZPzacyoxYEPP2uM1tY0BcizuAxmuFLcPqDVznehOCGcEi', null, '1', 'otto.stephenson@mc2-sms.edu', '2015-04-10 16:30:02', null, null);
INSERT INTO `user` VALUES ('perry.montgomery', '$2a$10$9.atRfnAZPzacyoxYEPP2uM1tY0BcizuAxmuFLcPqDVznehOCGcEi', null, '1', 'perry.montgomery@mc2-sms.edu', '2015-04-10 16:30:02', null, null);
INSERT INTO `user` VALUES ('perry.pickett', '$2a$10$9.atRfnAZPzacyoxYEPP2uM1tY0BcizuAxmuFLcPqDVznehOCGcEi', null, '1', 'perry.pickett@mc2-sms.edu', '2015-04-10 16:30:02', null, null);
INSERT INTO `user` VALUES ('physics_teacher', '$2a$10$9.atRfnAZPzacyoxYEPP2uM1tY0BcizuAxmuFLcPqDVznehOCGcEi', null, '1', 'physics_teacher@mc2-sms.edu', '2015-04-10 16:30:30', null, null);
INSERT INTO `user` VALUES ('ray.cantrell', '$2a$10$9.atRfnAZPzacyoxYEPP2uM1tY0BcizuAxmuFLcPqDVznehOCGcEi', null, '1', 'ray.cantrell@mc2-sms.edu', '2015-04-10 16:30:02', null, null);
INSERT INTO `user` VALUES ('science_teacher', '$2a$10$9.atRfnAZPzacyoxYEPP2uM1tY0BcizuAxmuFLcPqDVznehOCGcEi', null, '1', 'science_teacher@mc2-sms.edu', '2015-04-10 16:30:02', null, null);
INSERT INTO `user` VALUES ('vaughan.white', '$2a$10$9.atRfnAZPzacyoxYEPP2uM1tY0BcizuAxmuFLcPqDVznehOCGcEi', null, '1', 'vaughan.white@mc2-sms.edu', '2015-04-10 16:30:02', null, null);
INSERT INTO `user` VALUES ('walter.kaufman', '$2a$10$9.atRfnAZPzacyoxYEPP2uM1tY0BcizuAxmuFLcPqDVznehOCGcEi', null, '1', 'walter.kaufman@mc2-sms.edu', '2015-04-10 16:30:02', null, null);

-- ----------------------------
-- Table structure for user_in_role
-- ----------------------------
DROP TABLE IF EXISTS `user_in_role`;
CREATE TABLE `user_in_role` (
  `user_name` varchar(255) NOT NULL,
  `role_id` int(11) NOT NULL,
  KEY `users_in_roles_user_name` (`user_name`),
  KEY `users_in_roles_role_id` (`role_id`),
  CONSTRAINT `user_in_role_ibfk_1` FOREIGN KEY (`role_id`) REFERENCES `role` (`id`) ON DELETE CASCADE ON UPDATE CASCADE,
  CONSTRAINT `user_in_role_ibfk_2` FOREIGN KEY (`user_name`) REFERENCES `user` (`user_name`) ON DELETE CASCADE ON UPDATE CASCADE
) ENGINE=InnoDB DEFAULT CHARSET=latin1;

-- ----------------------------
-- Records of user_in_role
-- ----------------------------
INSERT INTO `user_in_role` VALUES ('admin', '1');
INSERT INTO `user_in_role` VALUES ('math_teacher', '2');
INSERT INTO `user_in_role` VALUES ('physics_teacher', '2');
INSERT INTO `user_in_role` VALUES ('science_teacher', '2');
INSERT INTO `user_in_role` VALUES ('curran.roach', '3');
INSERT INTO `user_in_role` VALUES ('ethan.flores', '3');
INSERT INTO `user_in_role` VALUES ('jarrod.burch', '3');
INSERT INTO `user_in_role` VALUES ('ivor.dejesus', '3');
INSERT INTO `user_in_role` VALUES ('jamal.guzman', '3');
INSERT INTO `user_in_role` VALUES ('vaughan.white', '3');
INSERT INTO `user_in_role` VALUES ('perry.pickett', '3');
INSERT INTO `user_in_role` VALUES ('lee.stanton', '3');
INSERT INTO `user_in_role` VALUES ('walter.kaufman', '3');
INSERT INTO `user_in_role` VALUES ('bruno.noble', '3');
INSERT INTO `user_in_role` VALUES ('otto.stephenson', '3');
INSERT INTO `user_in_role` VALUES ('nathan.ochoa', '3');
INSERT INTO `user_in_role` VALUES ('brock.sosa', '3');
INSERT INTO `user_in_role` VALUES ('ray.cantrell', '3');
INSERT INTO `user_in_role` VALUES ('noble.keller', '3');
INSERT INTO `user_in_role` VALUES ('gannon.pierce', '3');
INSERT INTO `user_in_role` VALUES ('evan.fitzpatrick', '3');
INSERT INTO `user_in_role` VALUES ('perry.montgomery', '3');
INSERT INTO `user_in_role` VALUES ('neil.poole', '3');
INSERT INTO `user_in_role` VALUES ('oscar.wilkinson', '3');
