-- ----------------------------
-- Records of user
-- ----------------------------
INSERT INTO `user` VALUES ('admin',  '$2a$10$9.atRfnAZPzacyoxYEPP2uM1tY0BcizuAxmuFLcPqDVznehOCGcEi', null, '1', 'admin@openams.org', '2015-04-10 16:27:25', null, null);
INSERT INTO `user` VALUES ('brock.sosa', '$2a$10$9.atRfnAZPzacyoxYEPP2uM1tY0BcizuAxmuFLcPqDVznehOCGcEi', null, '1', 'brock.sosa@openams.org', '2015-04-10 16:30:02', null, null);
INSERT INTO `user` VALUES ('bruno.noble', '$2a$10$9.atRfnAZPzacyoxYEPP2uM1tY0BcizuAxmuFLcPqDVznehOCGcEi', null, '1', 'bruno.noble@openams.org', '2015-04-10 16:30:02', null, null);
INSERT INTO `user` VALUES ('curran.roach', '$2a$10$9.atRfnAZPzacyoxYEPP2uM1tY0BcizuAxmuFLcPqDVznehOCGcEi', null, '1', 'curran.roach@openams.org', '2015-04-10 16:30:02', null, null);
INSERT INTO `user` VALUES ('ethan.flores', '$2a$10$9.atRfnAZPzacyoxYEPP2uM1tY0BcizuAxmuFLcPqDVznehOCGcEi', null, '1', 'ethan.flores@openams.org', '2015-04-10 16:30:02', null, null);
INSERT INTO `user` VALUES ('evan.fitzpatrick', '$2a$10$9.atRfnAZPzacyoxYEPP2uM1tY0BcizuAxmuFLcPqDVznehOCGcEi', null, '1', 'evan.fitzpatrick@openams.org', '2015-04-10 16:30:02', null, null);
INSERT INTO `user` VALUES ('gannon.pierce', '$2a$10$9.atRfnAZPzacyoxYEPP2uM1tY0BcizuAxmuFLcPqDVznehOCGcEi', null, '1', 'gannon.pierce@openams.org', '2015-04-10 16:30:02', null, null);
INSERT INTO `user` VALUES ('ivor.dejesus', '$2a$10$9.atRfnAZPzacyoxYEPP2uM1tY0BcizuAxmuFLcPqDVznehOCGcEi', null, '1', 'ivor.dejesus@openams.org', '2015-04-10 16:30:02', null, null);
INSERT INTO `user` VALUES ('jamal.guzman', '$2a$10$9.atRfnAZPzacyoxYEPP2uM1tY0BcizuAxmuFLcPqDVznehOCGcEi', null, '1', 'jamal.guzman@openams.org', '2015-04-10 16:30:02', null, null);
INSERT INTO `user` VALUES ('jarrod.burch', '$2a$10$9.atRfnAZPzacyoxYEPP2uM1tY0BcizuAxmuFLcPqDVznehOCGcEi', null, '1', 'jarrod.burch@openams.org', '2015-04-10 16:30:02', null, null);
INSERT INTO `user` VALUES ('lee.stanton', '$2a$10$9.atRfnAZPzacyoxYEPP2uM1tY0BcizuAxmuFLcPqDVznehOCGcEi', null, '1', 'lee.stanton@openams.org', '2015-04-10 16:30:02', null, null);
INSERT INTO `user` VALUES ('math_teacher', '$2a$10$9.atRfnAZPzacyoxYEPP2uM1tY0BcizuAxmuFLcPqDVznehOCGcEi', null, '1', 'math_teacher@openams.org', '2015-04-10 16:29:08', null, null);
INSERT INTO `user` VALUES ('nathan.ochoa', '$2a$10$9.atRfnAZPzacyoxYEPP2uM1tY0BcizuAxmuFLcPqDVznehOCGcEi', null, '1', 'nathan.ochoa@openams.org', '2015-04-10 16:30:02', null, null);
INSERT INTO `user` VALUES ('neil.poole', '$2a$10$9.atRfnAZPzacyoxYEPP2uM1tY0BcizuAxmuFLcPqDVznehOCGcEi', null, '1', 'neil.poole@openams.org', '2015-04-10 16:30:02', null, null);
INSERT INTO `user` VALUES ('noble.keller', '$2a$10$9.atRfnAZPzacyoxYEPP2uM1tY0BcizuAxmuFLcPqDVznehOCGcEi', null, '1', 'noble.keller@openams.org', '2015-04-10 16:30:02', null, null);
INSERT INTO `user` VALUES ('oscar.wilkinson', '$2a$10$9.atRfnAZPzacyoxYEPP2uM1tY0BcizuAxmuFLcPqDVznehOCGcEi', null, '1', 'oscar.wilkinson@openams.org', '2015-04-10 16:30:02', null, null);
INSERT INTO `user` VALUES ('otto.stephenson', '$2a$10$9.atRfnAZPzacyoxYEPP2uM1tY0BcizuAxmuFLcPqDVznehOCGcEi', null, '1', 'otto.stephenson@openams.org', '2015-04-10 16:30:02', null, null);
INSERT INTO `user` VALUES ('perry.montgomery', '$2a$10$9.atRfnAZPzacyoxYEPP2uM1tY0BcizuAxmuFLcPqDVznehOCGcEi', null, '1', 'perry.montgomery@openams.org', '2015-04-10 16:30:02', null, null);
INSERT INTO `user` VALUES ('perry.pickett', '$2a$10$9.atRfnAZPzacyoxYEPP2uM1tY0BcizuAxmuFLcPqDVznehOCGcEi', null, '1', 'perry.pickett@openams.org', '2015-04-10 16:30:02', null, null);
INSERT INTO `user` VALUES ('physics_teacher', '$2a$10$9.atRfnAZPzacyoxYEPP2uM1tY0BcizuAxmuFLcPqDVznehOCGcEi', null, '1', 'physics_teacher@openams.org', '2015-04-10 16:30:30', null, null);
INSERT INTO `user` VALUES ('ray.cantrell', '$2a$10$9.atRfnAZPzacyoxYEPP2uM1tY0BcizuAxmuFLcPqDVznehOCGcEi', null, '1', 'ray.cantrell@openams.org', '2015-04-10 16:30:02', null, null);
INSERT INTO `user` VALUES ('science_teacher', '$2a$10$9.atRfnAZPzacyoxYEPP2uM1tY0BcizuAxmuFLcPqDVznehOCGcEi', null, '1', 'science_teacher@openams.org', '2015-04-10 16:30:02', null, null);
INSERT INTO `user` VALUES ('vaughan.white', '$2a$10$9.atRfnAZPzacyoxYEPP2uM1tY0BcizuAxmuFLcPqDVznehOCGcEi', null, '1', 'vaughan.white@openams.org', '2015-04-10 16:30:02', null, null);
INSERT INTO `user` VALUES ('walter.kaufman', '$2a$10$9.atRfnAZPzacyoxYEPP2uM1tY0BcizuAxmuFLcPqDVznehOCGcEi', null, '1', 'walter.kaufman@openams.org', '2015-04-10 16:30:02', null, null);


-- ----------------------------
-- Records of role
-- ----------------------------
INSERT INTO `role` VALUES ('1', 'ROLE_ADMIN');
INSERT INTO `role` VALUES ('2', 'ROLE_STAFF');
INSERT INTO `role` VALUES ('3', 'ROLE_STUDENT');


-- ----------------------------
-- Records of user_in_role
-- ----------------------------
INSERT INTO `user_in_role` VALUES ('admin', '1');
INSERT INTO `user_in_role` VALUES ('math_teacher', '2');
INSERT INTO `user_in_role` VALUES ('physics_teacher', '2');
INSERT INTO `user_in_role` VALUES ('science_teacher', '2');
INSERT INTO `user_in_role` VALUES ('curran.roach', '3');
INSERT INTO `user_in_role` VALUES ('ethan.flores', '3');
INSERT INTO `user_in_role` VALUES ('jarrod.burch', '3');
INSERT INTO `user_in_role` VALUES ('ivor.dejesus', '3');
INSERT INTO `user_in_role` VALUES ('jamal.guzman', '3');
INSERT INTO `user_in_role` VALUES ('vaughan.white', '3');
INSERT INTO `user_in_role` VALUES ('perry.pickett', '3');
INSERT INTO `user_in_role` VALUES ('lee.stanton', '3');
INSERT INTO `user_in_role` VALUES ('walter.kaufman', '3');
INSERT INTO `user_in_role` VALUES ('bruno.noble', '3');
INSERT INTO `user_in_role` VALUES ('otto.stephenson', '3');
INSERT INTO `user_in_role` VALUES ('nathan.ochoa', '3');
INSERT INTO `user_in_role` VALUES ('brock.sosa', '3');
INSERT INTO `user_in_role` VALUES ('ray.cantrell', '3');
INSERT INTO `user_in_role` VALUES ('noble.keller', '3');
INSERT INTO `user_in_role` VALUES ('gannon.pierce', '3');
INSERT INTO `user_in_role` VALUES ('evan.fitzpatrick', '3');
INSERT INTO `user_in_role` VALUES ('perry.montgomery', '3');
INSERT INTO `user_in_role` VALUES ('neil.poole', '3');
INSERT INTO `user_in_role` VALUES ('oscar.wilkinson', '3');


-- ----------------------------
-- Records of contact
-- ----------------------------
INSERT INTO `contact` VALUES ('1', 'admin', '0000000000', '0000000000', 'test_data_al_1', 'test_data_al_2', 'test_data_apt', 'test_data_st', 'test_data_city', 'TEST', 'TEST', '0', 'test_notes');
INSERT INTO `contact` VALUES ('2', 'brock.sosa', '0000000000', '0000000000', 'test_data_al_1', 'test_data_al_2', 'test_data_apt', 'test_data_st', 'test_data_city', 'TEST', 'TEST', '0', 'test_notes');
INSERT INTO `contact` VALUES ('3', 'bruno.noble', '0000000000', '0000000000', 'test_data_al_1', 'test_data_al_2', 'test_data_apt', 'test_data_st', 'test_data_city', 'TEST', 'TEST', '0', 'test_notes');
INSERT INTO `contact` VALUES ('4', 'curran.roach', '0000000000', '0000000000', 'test_data_al_1', 'test_data_al_2', 'test_data_apt', 'test_data_st', 'test_data_city', 'TEST', 'TEST', '0', 'test_notes');
INSERT INTO `contact` VALUES ('5', 'ethan.flores', '0000000000', '0000000000', 'test_data_al_1', 'test_data_al_2', 'test_data_apt', 'test_data_st', 'test_data_city', 'TEST', 'TEST', '0', 'test_notes');
INSERT INTO `contact` VALUES ('6', 'evan.fitzpatrick', '0000000000', '0000000000', 'test_data_al_1', 'test_data_al_2', 'test_data_apt', 'test_data_st', 'test_data_city', 'TEST', 'TEST', '0', 'test_notes');
INSERT INTO `contact` VALUES ('7', 'gannon.pierce', '0000000000', '0000000000', 'test_data_al_1', 'test_data_al_2', 'test_data_apt', 'test_data_st', 'test_data_city', 'TEST', 'TEST', '0', 'test_notes');
INSERT INTO `contact` VALUES ('8', 'ivor.dejesus', '0000000000', '0000000000', 'test_data_al_1', 'test_data_al_2', 'test_data_apt', 'test_data_st', 'test_data_city', 'TEST', 'TEST', '0', 'test_notes');
INSERT INTO `contact` VALUES ('9', 'jamal.guzman', '0000000000', '0000000000', 'test_data_al_1', 'test_data_al_2', 'test_data_apt', 'test_data_st', 'test_data_city', 'TEST', 'TEST', '0', 'test_notes');
INSERT INTO `contact` VALUES ('10', 'jarrod.burch', '0000000000', '0000000000', 'test_data_al_1', 'test_data_al_2', 'test_data_apt', 'test_data_st', 'test_data_city', 'TEST', 'TEST', '0', 'test_notes');
INSERT INTO `contact` VALUES ('11', 'lee.stanton', '0000000000', '0000000000', 'test_data_al_1', 'test_data_al_2', 'test_data_apt', 'test_data_st', 'test_data_city', 'TEST', 'TEST', '0', 'test_notes');
INSERT INTO `contact` VALUES ('12', 'math_teacher', '0000000000', '0000000000', 'test_data_al_1', 'test_data_al_2', 'test_data_apt', 'test_data_st', 'test_data_city', 'TEST', 'TEST', '0', 'test_notes');
INSERT INTO `contact` VALUES ('13', 'nathan.ochoa', '0000000000', '0000000000', 'test_data_al_1', 'test_data_al_2', 'test_data_apt', 'test_data_st', 'test_data_city', 'TEST', 'TEST', '0', 'test_notes');
INSERT INTO `contact` VALUES ('14', 'neil.poole', '0000000000', '0000000000', 'test_data_al_1', 'test_data_al_2', 'test_data_apt', 'test_data_st', 'test_data_city', 'TEST', 'TEST', '0', 'test_notes');
INSERT INTO `contact` VALUES ('15', 'noble.keller', '0000000000', '0000000000', 'test_data_al_1', 'test_data_al_2', 'test_data_apt', 'test_data_st', 'test_data_city', 'TEST', 'TEST', '0', 'test_notes');
INSERT INTO `contact` VALUES ('16', 'oscar.wilkinson', '0000000000', '0000000000', 'test_data_al_1', 'test_data_al_2', 'test_data_apt', 'test_data_st', 'test_data_city', 'TEST', 'TEST', '0', 'test_notes');
INSERT INTO `contact` VALUES ('17', 'otto.stephenson', '0000000000', '0000000000', 'test_data_al_1', 'test_data_al_2', 'test_data_apt', 'test_data_st', 'test_data_city', 'TEST', 'TEST', '0', 'test_notes');
INSERT INTO `contact` VALUES ('18', 'perry.montgomery', '0000000000', '0000000000', 'test_data_al_1', 'test_data_al_2', 'test_data_apt', 'test_data_st', 'test_data_city', 'TEST', 'TEST', '0', 'test_notes');
INSERT INTO `contact` VALUES ('19', 'perry.pickett', '0000000000', '0000000000', 'test_data_al_1', 'test_data_al_2', 'test_data_apt', 'test_data_st', 'test_data_city', 'TEST', 'TEST', '0', 'test_notes');
INSERT INTO `contact` VALUES ('20', 'physics_teacher', '0000000000', '0000000000', 'test_data_al_1', 'test_data_al_2', 'test_data_apt', 'test_data_st', 'test_data_city', 'TEST', 'TEST', '0', 'test_notes');
INSERT INTO `contact` VALUES ('21', 'ray.cantrell', '0000000000', '0000000000', 'test_data_al_1', 'test_data_al_2', 'test_data_apt', 'test_data_st', 'test_data_city', 'TEST', 'TEST', '0', 'test_notes');
INSERT INTO `contact` VALUES ('22', 'science_teacher', '0000000000', '0000000000', 'test_data_al_1', 'test_data_al_2', 'test_data_apt', 'test_data_st', 'test_data_city', 'TEST', 'TEST', '0', 'test_notes');
INSERT INTO `contact` VALUES ('23', 'vaughan.white', '0000000000', '0000000000', 'test_data_al_1', 'test_data_al_2', 'test_data_apt', 'test_data_st', 'test_data_city', 'TEST', 'TEST', '0', 'test_notes');
INSERT INTO `contact` VALUES ('24', 'walter.kaufman', '0000000000', '0000000000', 'test_data_al_1', 'test_data_al_2', 'test_data_apt', 'test_data_st', 'test_data_city', 'TEST', 'TEST', '0', 'test_notes');


-- ----------------------------
-- Records of person
-- ----------------------------
INSERT INTO `person` VALUES ( 'A001','admin',  'Venkat', 'SPS', 'Maridu', 'Mr', null, '1989-06-28 17:29:03', '5.9', '190', 'indian', '1', '1', '1', null, '123456789', '2014-07-17 17:30:18', '1', null);

INSERT INTO `person` VALUES ( 'B011','math_teacher',  'Kirt', 'A', 'Harrison', 'Mr', null, '1989-06-28 17:29:03', '5.9', '190', null, '1', '1', '1', null, '123456789', '2014-07-17 17:30:18', '13', null);
INSERT INTO `person` VALUES ( 'B012','physics_teacher', 'Ken', 'B', 'Watson', 'Mr', null, '1989-06-28 17:29:03', '5.9', '190', null, '1', '1', '1', null, '123456789', '2014-07-17 17:30:18', '21', null);
INSERT INTO `person` VALUES ( 'B013','science_teacher',  'Mina', 'G', 'Siedel', 'Mr', null, '1989-06-28 17:29:03', '5.2', '190', null, '1', '1', '1', null, '123456789', '2014-07-17 17:30:18', '23', null);

INSERT INTO `person` VALUES ( 'C101','brock.sosa', 'Sosa', null, 'Brock', null, null, null, null, null, null, null, null, null, null, null, null, '2', null);
INSERT INTO `person` VALUES ( 'C102','bruno.noble', 'bruno', null, 'noble', null, null, null, null, null, null, null, null, null, null, null, null, '3', null);
INSERT INTO `person` VALUES ( 'C103','curran.roach', 'curran', null, 'roach', null, null, null, null, null, null, null, null, null, null, null, null, '4', null);
INSERT INTO `person` VALUES ( 'C104','ethan.flores', 'ethan', null, 'flores', null, null, null, null, null, null, null, null, null, null, null, null, '5', null);
INSERT INTO `person` VALUES ( 'C105', 'evan.fitzpatrick','evan', null, 'fitzpatrick', null, null, null, null, null, null, null, null, null, null, null, null, '6', null);
INSERT INTO `person` VALUES ( 'C106','gannon.pierce', 'gannon', null, 'pierce', null, null, null, null, null, null, null, null, null, null, null, null, '7', null);
INSERT INTO `person` VALUES ( 'C107','ivor.dejesus', 'ivor', null, 'dejesus', null, null, null, null, null, null, null, null, null, null, null, null, '8', null);
INSERT INTO `person` VALUES ( 'C108','jamal.guzman', 'jamal', null, 'guzman', null, null, null, null, null, null, null, null, null, null, null, null, '9', null);
INSERT INTO `person` VALUES ( 'C109','jarrod.burch',  'jarrod', null, 'burch', null, null, null, null, null, null, null, null, null, null, null, null, '10', null);
INSERT INTO `person` VALUES ( 'C110','lee.stanton', 'lee', null, 'stanton', null, null, null, null, null, null, null, null, null, null, null, null, '12', null);
INSERT INTO `person` VALUES ( 'C111','nathan.ochoa', 'nathan', null, 'ochoa', null, null, null, null, null, null, null, null, null, null, null, null, '14', null);
INSERT INTO `person` VALUES ( 'C112','neil.poole', 'neil', null, 'poole', null, null, null, null, null, null, null, null, null, null, null, null, '15', null);
INSERT INTO `person` VALUES ( 'C113','noble.keller', 'noble', null, 'keller', null, null, null, null, null, null, null, null, null, null, null, null, '16', null);
INSERT INTO `person` VALUES ( 'C114','oscar.wilkinson', 'oscar', null, 'wilkinson', null, null, null, null, null, null, null, null, null, null, null, null, '17', null);
INSERT INTO `person` VALUES ( 'C115','otto.stephenson', 'otto', null, 'stephenson', null, null, null, null, null, null, null, null, null, null, null, null, '18', null);
INSERT INTO `person` VALUES ( 'C116','perry.montgomery', 'Sosa', null, 'montgomery', null, null, null, null, null, null, null, null, null, null, null, null, '19', null);
INSERT INTO `person` VALUES ( 'C117','perry.pickett', 'perry', null, 'pickett', null, null, null, null, null, null, null, null, null, null, null, null, '20', null);
INSERT INTO `person` VALUES ( 'C118','ray.cantrell', 'ray', null, 'cantrell', null, null, null, null, null, null, null, null, null, null, null, null, '22', null);
INSERT INTO `person` VALUES ( 'C119','vaughan.white', 'vaughan', null, 'white', null, null, null, null, null, null, null, null, null, null, null, null, '24', null);
INSERT INTO `person` VALUES ( 'C120','walter.kaufman','walter', null, 'kaufman', null, null, null, null, null, null, null, null, null, null, null, null, '24', null);


-- ----------------------------
-- Records of staff
-- ----------------------------
INSERT INTO `staff` VALUES ('A001', null, null);
INSERT INTO `staff` VALUES ('B011', null, null);
INSERT INTO `staff` VALUES ('B012', null, null);
INSERT INTO `staff` VALUES ('B013', null, null);


-- ----------------------------
-- Records of student
-- ----------------------------
INSERT INTO `student` VALUES ('C101', '1', null);
INSERT INTO `student` VALUES ('C102', '1', null );
INSERT INTO `student` VALUES ('C103', '1', null );
INSERT INTO `student` VALUES ('C104', '1', null );
INSERT INTO `student` VALUES ('C105', '1', null );
INSERT INTO `student` VALUES ('C106', '1', null );
INSERT INTO `student` VALUES ('C107', '1', null );
INSERT INTO `student` VALUES ('C108', '1', null );
INSERT INTO `student` VALUES ('C109', '1', null );
INSERT INTO `student` VALUES ('C110', '1', null );
INSERT INTO `student` VALUES ('C111', '1', null );
INSERT INTO `student` VALUES ('C112', '1', null );
INSERT INTO `student` VALUES ('C113', '1', null );
INSERT INTO `student` VALUES ('C114', '1', null );
INSERT INTO `student` VALUES ('C115', '1', null );
INSERT INTO `student` VALUES ('C116', '1', null );
INSERT INTO `student` VALUES ('C117', '1', null );
INSERT INTO `student` VALUES ('C118', '1', null );
INSERT INTO `student` VALUES ('C119', '1', null );
INSERT INTO `student` VALUES ('C120', '1', null );

-- ----------------------------
-- Records of course
-- ----------------------------
INSERT INTO `course` VALUES ('1', 'Physics K10', 'Physics', null, '3');
INSERT INTO `course` VALUES ('2', 'Math K10', 'Math', null, '4');
INSERT INTO `course` VALUES ('3', 'Science K10', 'Science ', null, '3');
